Date,Month,Season,Block,Pond,Burn Year,Burn Month,Burn month in 2000,Species_Code,Sex,Length (cm),Mass (g),Stage,Method,Notes
1-Jul-99,0,,1,103,3,-40,,AGRY,M,,,A,Calling Census,
1-Jul-99,0,,1,103,3,-40,,AGRY,M,,,A,Calling Census,
1-Jul-99,0,,1,103,3,-40,,AGRY,M,,,A,Calling Census,
1-Jul-99,0,,1,103,3,-40,,AGRY,M,,,A,Calling Census,
1-Jul-99,0,,1,103,3,-40,,AGRY,M,,,A,Calling Census,
1-Jul-99,0,,1,103,3,-40,,AGRY,M,,,A,Calling Census,
1-Jul-99,0,,1,103,3,-40,,AGRY,M,,,A,Calling Census,
1-Jul-99,0,,1,103,3,-40,,AGRY,M,,,A,Calling Census,
1-Jul-99,0,,1,103,3,-40,,AGRY,M,,,A,Calling Census,
1-Jul-99,0,,1,103,3,-40,,AGRY,M,,,A,Calling Census,
1-Jul-99,0,,1,103,3,-40,,AGRY,M,,,A,Calling Census,
1-Jul-99,0,,1,103,3,-40,,AGRY,M,,,A,Calling Census,
1-Jul-99,0,,1,103,3,-40,,AGRY,M,,,A,Calling Census,
1-Jul-99,0,,1,103,3,-40,,AGRY,M,,,A,Calling Census,
1-Jul-99,0,,1,103,3,-40,,AGRY,M,,,A,Calling Census,
1-Jul-99,0,,1,103,3,-40,,AGRY,M,,,A,Calling Census,
1-Jul-99,0,,1,103,3,-40,,AGRY,M,,,A,Calling Census,
1-Jul-99,0,,1,103,3,-40,,AGRY,M,,,A,Calling Census,
1-Jul-99,0,,1,103,3,-40,,AGRY,M,,,A,Calling Census,
1-Jul-99,0,,1,103,3,-40,,AGRY,M,,,A,Calling Census,
1-Jul-99,0,,1,103,3,-40,,AGRY,M,,,A,Calling Census,
1-Jul-99,0,,1,103,3,-40,,AGRY,M,,,A,Calling Census,
1-Jul-99,0,,1,103,3,-40,,AGRY,M,,,A,Calling Census,
1-Jul-99,0,,1,103,3,-40,,AGRY,M,,,A,Calling Census,
1-Jul-99,0,,1,103,3,-40,,AGRY,M,,,A,Calling Census,
1-Jul-99,0,,1,103,3,-40,,AGRY,M,,,A,Calling Census,
1-Jul-99,0,,1,103,3,-40,,AGRY,M,,,A,Calling Census,
1-Jul-99,0,,1,103,3,-40,,AGRY,M,,,A,Calling Census,
1-Jul-99,0,,1,103,3,-40,,AGRY,M,,,A,Calling Census,
1-Jul-99,0,,1,103,3,-40,,AGRY,M,,,A,Calling Census,
1-Jul-99,0,,1,103,3,-40,,AGRY,M,,,A,Calling Census,
1-Jul-99,0,,1,103,3,-40,,AGRY,M,,,A,Calling Census,
1-Jul-99,0,,1,103,3,-40,,AGRY,M,,,A,Calling Census,
1-Jul-99,0,,1,103,3,-40,,AGRY,M,,,A,Calling Census,
1-Jul-99,0,,1,103,3,-40,,AGRY,M,,,A,Calling Census,
1-Jul-99,0,,1,103,3,-40,,AGRY,M,,,A,Calling Census,
1-Jul-99,0,,1,103,3,-40,,AGRY,M,,,A,Calling Census,
1-Jul-99,0,,1,103,3,-40,,AGRY,M,,,A,Calling Census,
1-Jul-99,0,,1,103,3,-40,,AGRY,M,,,A,Calling Census,
1-Jul-99,0,,1,103,3,-40,,AGRY,M,,,A,Calling Census,
1-Jul-99,0,,1,103,3,-40,,AGRY,M,,,A,Calling Census,
1-Jul-99,0,,1,103,3,-40,,AGRY,M,,,A,Calling Census,
1-Jul-99,0,,1,103,3,-40,,AGRY,M,,,A,Calling Census,
1-Jul-99,0,,1,103,3,-40,,AGRY,M,,,A,Calling Census,
1-Jul-99,0,,1,103,3,-40,,AGRY,M,,,A,Calling Census,
1-Jul-99,0,,1,103,3,-40,,AGRY,M,,,A,Calling Census,
1-Jul-99,0,,1,103,3,-40,,AGRY,M,,,A,Calling Census,
1-Jul-99,0,,1,103,3,-40,,AGRY,M,,,A,Calling Census,
1-Jul-99,0,,1,103,3,-40,,AGRY,M,,,A,Calling Census,
1-Jul-99,0,,1,103,3,-40,,AGRY,M,,,A,Calling Census,
1-Jul-99,0,,3,175,0,-2,,AGRY,M,,,A,Calling Census,
1-Jul-99,0,,3,175,0,-2,,AGRY,M,,,A,Calling Census,
1-Jul-99,0,,3,175,0,-2,,AGRY,M,,,A,Calling Census,
1-Jul-99,0,,3,175,0,-2,,AGRY,M,,,A,Calling Census,
1-Jul-99,0,,3,175,0,-2,,AGRY,M,,,A,Calling Census,
1-Jul-99,0,,3,175,0,-2,,AGRY,M,,,A,Calling Census,
1-Jul-99,0,,3,175,0,-2,,AGRY,M,,,A,Calling Census,
1-Jul-99,0,,3,175,0,-2,,AGRY,M,,,A,Calling Census,
1-Jul-99,0,,3,175,0,-2,,AGRY,M,,,A,Calling Census,
1-Jul-99,0,,3,175,0,-2,,AGRY,M,,,A,Calling Census,
1-Jul-99,0,,3,175,0,-2,,AGRY,M,,,A,Calling Census,
1-Jul-99,0,,3,175,0,-2,,AGRY,M,,,A,Calling Census,
1-Jul-99,0,,3,175,0,-2,,AGRY,M,,,A,Calling Census,
1-Jul-99,0,,3,175,0,-2,,AGRY,M,,,A,Calling Census,
1-Jul-99,0,,3,175,0,-2,,AGRY,M,,,A,Calling Census,
1-Jul-99,0,,3,175,0,-2,,AGRY,M,,,A,Calling Census,
1-Jul-99,0,,3,175,0,-2,,AGRY,M,,,A,Calling Census,
1-Jul-99,0,,3,175,0,-2,,AGRY,M,,,A,Calling Census,
1-Jul-99,0,,1,103,3,-40,,BTER,M,,,A,Calling Census,
1-Jul-99,0,,1,103,3,-40,,BTER,M,,,A,Calling Census,
1-Jul-99,0,,1,103,3,-40,,BTER,M,,,A,Calling Census,
1-Jul-99,0,,1,103,3,-40,,BTER,M,,,A,Calling Census,
1-Jul-99,0,,1,103,3,-40,,BTER,M,,,A,Calling Census,
1-Jul-99,0,,1,103,3,-40,,BTER,M,,,A,Calling Census,
1-Jul-99,0,,1,103,3,-40,,BTER,M,,,A,Calling Census,
1-Jul-99,0,,1,103,3,-40,,BTER,M,,,A,Calling Census,
1-Jul-99,0,,1,103,3,-40,,BTER,M,,,A,Calling Census,
1-Jul-99,0,,1,103,3,-40,,BTER,M,,,A,Calling Census,
1-Jul-99,0,,1,103,3,-40,,BTER,M,,,A,Calling Census,
1-Jul-99,0,,1,103,3,-40,,BTER,M,,,A,Calling Census,
1-Jul-99,0,,1,103,3,-40,,BTER,M,,,A,Calling Census,
1-Jul-99,0,,1,103,3,-40,,BTER,M,,,A,Calling Census,
1-Jul-99,0,,1,103,3,-40,,BTER,M,,,A,Calling Census,
1-Jul-99,0,,1,103,3,-40,,BTER,M,,,A,Calling Census,
1-Jul-99,0,,1,103,3,-40,,BTER,M,,,A,Calling Census,
1-Jul-99,0,,1,103,3,-40,,BTER,M,,,A,Calling Census,
1-Jul-99,0,,1,103,3,-40,,BTER,M,,,A,Calling Census,
1-Jul-99,0,,1,103,3,-40,,BTER,M,,,A,Calling Census,
1-Jul-99,0,,1,103,3,-40,,BTER,M,,,A,Calling Census,
1-Jul-99,0,,1,103,3,-40,,BTER,M,,,A,Calling Census,
1-Jul-99,0,,1,103,3,-40,,BTER,M,,,A,Calling Census,
1-Jul-99,0,,1,103,3,-40,,BTER,M,,,A,Calling Census,
1-Jul-99,0,,1,103,3,-40,,BTER,M,,,A,Calling Census,
1-Jul-99,0,,1,103,3,-40,,BTER,M,,,A,Calling Census,
1-Jul-99,0,,1,103,3,-40,,BTER,M,,,A,Calling Census,
1-Jul-99,0,,1,103,3,-40,,BTER,M,,,A,Calling Census,
1-Jul-99,0,,1,103,3,-40,,BTER,M,,,A,Calling Census,
1-Jul-99,0,,1,103,3,-40,,BTER,M,,,A,Calling Census,
1-Jul-99,0,,1,103,3,-40,,BTER,M,,,A,Calling Census,
1-Jul-99,0,,1,103,3,-40,,BTER,M,,,A,Calling Census,
1-Jul-99,0,,1,103,3,-40,,BTER,M,,,A,Calling Census,
1-Jul-99,0,,1,103,3,-40,,BTER,M,,,A,Calling Census,
1-Jul-99,0,,1,103,3,-40,,BTER,M,,,A,Calling Census,
1-Jul-99,0,,1,103,3,-40,,BTER,M,,,A,Calling Census,
1-Jul-99,0,,1,103,3,-40,,BTER,M,,,A,Calling Census,
1-Jul-99,0,,1,103,3,-40,,BTER,M,,,A,Calling Census,
1-Jul-99,0,,1,103,3,-40,,BTER,M,,,A,Calling Census,
1-Jul-99,0,,1,103,3,-40,,BTER,M,,,A,Calling Census,
1-Jul-99,0,,1,103,3,-40,,BTER,M,,,A,Calling Census,
1-Jul-99,0,,1,103,3,-40,,BTER,M,,,A,Calling Census,
1-Jul-99,0,,1,103,3,-40,,BTER,M,,,A,Calling Census,
1-Jul-99,0,,1,103,3,-40,,BTER,M,,,A,Calling Census,
1-Jul-99,0,,1,103,3,-40,,BTER,M,,,A,Calling Census,
1-Jul-99,0,,1,103,3,-40,,BTER,M,,,A,Calling Census,
1-Jul-99,0,,1,103,3,-40,,BTER,M,,,A,Calling Census,
1-Jul-99,0,,1,103,3,-40,,BTER,M,,,A,Calling Census,
1-Jul-99,0,,1,103,3,-40,,BTER,M,,,A,Calling Census,
1-Jul-99,0,,1,103,3,-40,,BTER,M,,,A,Calling Census,
1-Jul-99,0,,1,105,5,-77,,GCAR,M,,,A,Calling Census,
1-Jul-99,0,,1,105,5,-77,,GCAR,M,,,A,Calling Census,
1-Jul-99,0,,1,105,5,-77,,GCAR,M,,,A,Calling Census,
1-Jul-99,0,,1,105,5,-77,,GCAR,M,,,A,Calling Census,
1-Jul-99,0,,1,105,5,-77,,GCAR,M,,,A,Calling Census,
1-Jul-99,0,,1,105,5,-77,,GCAR,M,,,A,Calling Census,
1-Jul-99,0,,3,213,8,-144,,GCAR,M,,,A,Calling Census,
1-Jul-99,0,,3,213,8,-144,,GCAR,M,,,A,Calling Census,
1-Jul-99,0,,3,213,8,-144,,GCAR,M,,,A,Calling Census,
1-Jul-99,0,,3,213,8,-144,,GCAR,M,,,A,Calling Census,
1-Jul-99,0,,3,213,8,-144,,GCAR,M,,,A,Calling Census,
1-Jul-99,0,,3,213,8,-144,,GCAR,M,,,A,Calling Census,
1-Jul-99,0,,3,213,8,-144,,GCAR,M,,,A,Calling Census,
1-Jul-99,0,,3,213,8,-144,,GCAR,M,,,A,Calling Census,
1-Jul-99,0,,3,213,8,-144,,GCAR,M,,,A,Calling Census,
1-Jul-99,0,,3,213,8,-144,,GCAR,M,,,A,Calling Census,
1-Jul-99,0,,3,213,8,-144,,GCAR,M,,,A,Calling Census,
1-Jul-99,0,,3,213,8,-144,,GCAR,M,,,A,Calling Census,
1-Jul-99,0,,3,213,8,-144,,GCAR,M,,,A,Calling Census,
1-Jul-99,0,,3,213,8,-144,,GCAR,M,,,A,Calling Census,
1-Jul-99,0,,3,213,8,-144,,GCAR,M,,,A,Calling Census,
1-Jul-99,0,,3,213,8,-144,,GCAR,M,,,A,Calling Census,
1-Jul-99,0,,3,213,8,-144,,GCAR,M,,,A,Calling Census,
1-Jul-99,0,,3,213,8,-144,,GCAR,M,,,A,Calling Census,
1-Jul-99,0,,3,213,8,-144,,GCAR,M,,,A,Calling Census,
1-Jul-99,0,,3,213,8,-144,,GCAR,M,,,A,Calling Census,
1-Jul-99,0,,3,213,8,-144,,GCAR,M,,,A,Calling Census,
1-Jul-99,0,,3,213,8,-144,,GCAR,M,,,A,Calling Census,
1-Jul-99,0,,3,213,8,-144,,GCAR,M,,,A,Calling Census,
1-Jul-99,0,,3,213,8,-144,,GCAR,M,,,A,Calling Census,
1-Jul-99,0,,3,213,8,-144,,GCAR,M,,,A,Calling Census,
1-Jul-99,0,,3,213,8,-144,,GCAR,M,,,A,Calling Census,
1-Jul-99,0,,3,213,8,-144,,GCAR,M,,,A,Calling Census,
1-Jul-99,0,,3,213,8,-144,,GCAR,M,,,A,Calling Census,
1-Jul-99,0,,3,213,8,-144,,GCAR,M,,,A,Calling Census,
1-Jul-99,0,,3,213,8,-144,,GCAR,M,,,A,Calling Census,
1-Jul-99,0,,3,213,8,-144,,GCAR,M,,,A,Calling Census,
1-Jul-99,0,,1,215,8,-144,,GCAR,M,,,A,Calling Census,
1-Jul-99,0,,1,215,8,-144,,GCAR,M,,,A,Calling Census,
1-Jul-99,0,,1,215,8,-144,,GCAR,M,,,A,Calling Census,
1-Jul-99,0,,1,215,8,-144,,GCAR,M,,,A,Calling Census,
1-Jul-99,0,,1,215,8,-144,,GCAR,M,,,A,Calling Census,
1-Jul-99,0,,1,215,8,-144,,GCAR,M,,,A,Calling Census,
1-Jul-99,0,,1,215,8,-144,,GCAR,M,,,A,Calling Census,
1-Jul-99,0,,1,215,8,-144,,GCAR,M,,,A,Calling Census,
1-Jul-99,0,,1,215,8,-144,,GCAR,M,,,A,Calling Census,
1-Jul-99,0,,1,215,8,-144,,GCAR,M,,,A,Calling Census,
1-Jul-99,0,,1,215,8,-144,,GCAR,M,,,A,Calling Census,
1-Jul-99,0,,1,215,8,-144,,GCAR,M,,,A,Calling Census,
1-Jul-99,0,,1,215,8,-144,,GCAR,M,,,A,Calling Census,
1-Jul-99,0,,1,215,8,-144,,GCAR,M,,,A,Calling Census,
1-Jul-99,0,,1,215,8,-144,,GCAR,M,,,A,Calling Census,
1-Jul-99,0,,1,215,8,-144,,GCAR,M,,,A,Calling Census,
1-Jul-99,0,,1,215,8,-144,,GCAR,M,,,A,Calling Census,
1-Jul-99,0,,1,105,5,-77,,HCHR,M,,,A,Calling Census,
1-Jul-99,0,,3,213,8,-144,,HCHR,M,,,A,Calling Census,
1-Jul-99,0,,3,213,8,-144,,HCHR,M,,,A,Calling Census,
1-Jul-99,0,,3,213,8,-144,,HCHR,M,,,A,Calling Census,
1-Jul-99,0,,3,213,8,-144,,HCHR,M,,,A,Calling Census,
1-Jul-99,0,,3,213,8,-144,,HCHR,M,,,A,Calling Census,
1-Jul-99,0,,3,213,8,-144,,HCHR,M,,,A,Calling Census,
1-Jul-99,0,,3,213,8,-144,,HCHR,M,,,A,Calling Census,
1-Jul-99,0,,3,213,8,-144,,HCHR,M,,,A,Calling Census,
1-Jul-99,0,,3,213,8,-144,,HCHR,M,,,A,Calling Census,
1-Jul-99,0,,3,213,8,-144,,HCHR,M,,,A,Calling Census,
1-Jul-99,0,,3,213,8,-144,,HCHR,M,,,A,Calling Census,
1-Jul-99,0,,3,213,8,-144,,HCHR,M,,,A,Calling Census,
1-Jul-99,0,,3,213,8,-144,,HCHR,M,,,A,Calling Census,
1-Jul-99,0,,3,213,8,-144,,HCHR,M,,,A,Calling Census,
1-Jul-99,0,,3,213,8,-144,,HCHR,M,,,A,Calling Census,
1-Jul-99,0,,3,213,8,-144,,HCHR,M,,,A,Calling Census,
1-Jul-99,0,,3,213,8,-144,,HCHR,M,,,A,Calling Census,
1-Jul-99,0,,3,213,8,-144,,HCHR,M,,,A,Calling Census,
1-Jul-99,0,,3,213,8,-144,,HCHR,M,,,A,Calling Census,
1-Jul-99,0,,3,213,8,-144,,HCHR,M,,,A,Calling Census,
1-Jul-99,0,,3,213,8,-144,,HCHR,M,,,A,Calling Census,
1-Jul-99,0,,3,213,8,-144,,HCHR,M,,,A,Calling Census,
1-Jul-99,0,,3,213,8,-144,,HCHR,M,,,A,Calling Census,
1-Jul-99,0,,3,213,8,-144,,HCHR,M,,,A,Calling Census,
1-Jul-99,0,,3,213,8,-144,,HCHR,M,,,A,Calling Census,
1-Jul-99,0,,3,213,8,-144,,HCHR,M,,,A,Calling Census,
1-Jul-99,0,,3,213,8,-144,,HCHR,M,,,A,Calling Census,
1-Jul-99,0,,3,213,8,-144,,HCHR,M,,,A,Calling Census,
1-Jul-99,0,,3,213,8,-144,,HCHR,M,,,A,Calling Census,
1-Jul-99,0,,3,213,8,-144,,HCHR,M,,,A,Calling Census,
1-Jul-99,0,,3,213,8,-144,,HCHR,M,,,A,Calling Census,
1-Jul-99,0,,3,213,8,-144,,HCHR,M,,,A,Calling Census,
1-Jul-99,0,,3,213,8,-144,,HCHR,M,,,A,Calling Census,
1-Jul-99,0,,3,213,8,-144,,HCHR,M,,,A,Calling Census,
1-Jul-99,0,,3,213,8,-144,,HCHR,M,,,A,Calling Census,
1-Jul-99,0,,3,213,8,-144,,HCHR,M,,,A,Calling Census,
1-Jul-99,0,,3,213,8,-144,,HCHR,M,,,A,Calling Census,
1-Jul-99,0,,3,213,8,-144,,HCHR,M,,,A,Calling Census,
1-Jul-99,0,,3,213,8,-144,,HCHR,M,,,A,Calling Census,
1-Jul-99,0,,3,213,8,-144,,HCHR,M,,,A,Calling Census,
1-Jul-99,0,,3,213,8,-144,,HCHR,M,,,A,Calling Census,
1-Jul-99,0,,3,213,8,-144,,HCHR,M,,,A,Calling Census,
1-Jul-99,0,,3,213,8,-144,,HCHR,M,,,A,Calling Census,
1-Jul-99,0,,3,213,8,-144,,HCHR,M,,,A,Calling Census,
1-Jul-99,0,,3,213,8,-144,,HCHR,M,,,A,Calling Census,
1-Jul-99,0,,3,213,8,-144,,HCHR,M,,,A,Calling Census,
1-Jul-99,0,,3,213,8,-144,,HCHR,M,,,A,Calling Census,
1-Jul-99,0,,3,213,8,-144,,HCHR,M,,,A,Calling Census,
1-Jul-99,0,,3,213,8,-144,,HCHR,M,,,A,Calling Census,
1-Jul-99,0,,3,213,8,-144,,HCHR,M,,,A,Calling Census,
1-Jul-99,0,,3,213,8,-144,,HCHR,M,,,A,Calling Census,
1-Jul-99,0,,3,213,8,-144,,HCHR,M,,,A,Calling Census,
1-Jul-99,0,,3,213,8,-144,,HCHR,M,,,A,Calling Census,
1-Jul-99,0,,3,213,8,-144,,HCHR,M,,,A,Calling Census,
1-Jul-99,0,,3,213,8,-144,,HCHR,M,,,A,Calling Census,
1-Jul-99,0,,3,213,8,-144,,HCHR,M,,,A,Calling Census,
1-Jul-99,0,,3,213,8,-144,,HCHR,M,,,A,Calling Census,
1-Jul-99,0,,3,213,8,-144,,HCHR,M,,,A,Calling Census,
1-Jul-99,0,,3,213,8,-144,,HCHR,M,,,A,Calling Census,
1-Jul-99,0,,3,213,8,-144,,HCHR,M,,,A,Calling Census,
1-Jul-99,0,,3,213,8,-144,,HCHR,M,,,A,Calling Census,
1-Jul-99,0,,1,215,8,-144,,HCHR,M,,,A,Calling Census,
1-Jul-99,0,,1,215,8,-144,,HCHR,M,,,A,Calling Census,
1-Jul-99,0,,3,213,8,-144,,HCIN,M,,,A,Calling Census,
1-Jul-99,0,,3,213,8,-144,,HCIN,M,,,A,Calling Census,
1-Jul-99,0,,3,213,8,-144,,HCIN,M,,,A,Calling Census,
1-Jul-99,0,,3,213,8,-144,,HCIN,M,,,A,Calling Census,
1-Jul-99,0,,3,213,8,-144,,HCIN,M,,,A,Calling Census,
1-Jul-99,0,,3,213,8,-144,,HCIN,M,,,A,Calling Census,
1-Jul-99,0,,3,213,8,-144,,HCIN,M,,,A,Calling Census,
1-Jul-99,0,,3,213,8,-144,,HCIN,M,,,A,Calling Census,
1-Jul-99,0,,3,213,8,-144,,HCIN,M,,,A,Calling Census,
1-Jul-99,0,,3,213,8,-144,,HCIN,M,,,A,Calling Census,
1-Jul-99,0,,3,213,8,-144,,HCIN,M,,,A,Calling Census,
1-Jul-99,0,,3,213,8,-144,,HCIN,M,,,A,Calling Census,
1-Jul-99,0,,3,213,8,-144,,HCIN,M,,,A,Calling Census,
1-Jul-99,0,,3,213,8,-144,,HCIN,M,,,A,Calling Census,
1-Jul-99,0,,3,213,8,-144,,HCIN,M,,,A,Calling Census,
1-Jul-99,0,,3,213,8,-144,,HCIN,M,,,A,Calling Census,
1-Jul-99,0,,3,213,8,-144,,HCIN,M,,,A,Calling Census,
1-Jul-99,0,,3,213,8,-144,,HCIN,M,,,A,Calling Census,
1-Jul-99,0,,3,213,8,-144,,HCIN,M,,,A,Calling Census,
1-Jul-99,0,,3,213,8,-144,,HCIN,M,,,A,Calling Census,
1-Jul-99,0,,3,213,8,-144,,HCIN,M,,,A,Calling Census,
1-Jul-99,0,,3,213,8,-144,,HCIN,M,,,A,Calling Census,
1-Jul-99,0,,3,213,8,-144,,HCIN,M,,,A,Calling Census,
1-Jul-99,0,,3,213,8,-144,,HCIN,M,,,A,Calling Census,
1-Jul-99,0,,3,213,8,-144,,HCIN,M,,,A,Calling Census,
1-Jul-99,0,,1,215,8,-144,,HCIN,M,,,A,Calling Census,
1-Jul-99,0,,1,215,8,-144,,HCIN,M,,,A,Calling Census,
1-Jul-99,0,,1,215,8,-144,,HCIN,M,,,A,Calling Census,
1-Jul-99,0,,1,103,3,-40,,HFEM,M,,,A,Calling Census,
1-Jul-99,0,,1,103,3,-40,,HFEM,M,,,A,Calling Census,
1-Jul-99,0,,1,103,3,-40,,HFEM,M,,,A,Calling Census,
1-Jul-99,0,,1,103,3,-40,,HFEM,M,,,A,Calling Census,
1-Jul-99,0,,1,103,3,-40,,HFEM,M,,,A,Calling Census,
1-Jul-99,0,,1,103,3,-40,,HFEM,M,,,A,Calling Census,
1-Jul-99,0,,1,103,3,-40,,HFEM,M,,,A,Calling Census,
1-Jul-99,0,,1,103,3,-40,,HFEM,M,,,A,Calling Census,
1-Jul-99,0,,1,103,3,-40,,HFEM,M,,,A,Calling Census,
1-Jul-99,0,,1,103,3,-40,,HFEM,M,,,A,Calling Census,
1-Jul-99,0,,1,103,3,-40,,HFEM,M,,,A,Calling Census,
1-Jul-99,0,,1,103,3,-40,,HFEM,M,,,A,Calling Census,
1-Jul-99,0,,1,103,3,-40,,HFEM,M,,,A,Calling Census,
1-Jul-99,0,,1,103,3,-40,,HFEM,M,,,A,Calling Census,
1-Jul-99,0,,1,103,3,-40,,HFEM,M,,,A,Calling Census,
1-Jul-99,0,,1,103,3,-40,,HFEM,M,,,A,Calling Census,
1-Jul-99,0,,1,103,3,-40,,HFEM,M,,,A,Calling Census,
1-Jul-99,0,,1,103,3,-40,,HFEM,M,,,A,Calling Census,
1-Jul-99,0,,1,103,3,-40,,HFEM,M,,,A,Calling Census,
1-Jul-99,0,,1,103,3,-40,,HFEM,M,,,A,Calling Census,
1-Jul-99,0,,1,103,3,-40,,HFEM,M,,,A,Calling Census,
1-Jul-99,0,,1,103,3,-40,,HFEM,M,,,A,Calling Census,
1-Jul-99,0,,1,103,3,-40,,HFEM,M,,,A,Calling Census,
1-Jul-99,0,,1,103,3,-40,,HFEM,M,,,A,Calling Census,
1-Jul-99,0,,1,103,3,-40,,HFEM,M,,,A,Calling Census,
1-Jul-99,0,,1,103,3,-40,,HFEM,M,,,A,Calling Census,
1-Jul-99,0,,1,103,3,-40,,HFEM,M,,,A,Calling Census,
1-Jul-99,0,,1,103,3,-40,,HFEM,M,,,A,Calling Census,
1-Jul-99,0,,1,103,3,-40,,HFEM,M,,,A,Calling Census,
1-Jul-99,0,,1,103,3,-40,,HFEM,M,,,A,Calling Census,
1-Jul-99,0,,1,103,3,-40,,HFEM,M,,,A,Calling Census,
1-Jul-99,0,,1,103,3,-40,,HFEM,M,,,A,Calling Census,
1-Jul-99,0,,1,103,3,-40,,HFEM,M,,,A,Calling Census,
1-Jul-99,0,,1,103,3,-40,,HFEM,M,,,A,Calling Census,
1-Jul-99,0,,1,103,3,-40,,HFEM,M,,,A,Calling Census,
1-Jul-99,0,,1,103,3,-40,,HFEM,M,,,A,Calling Census,
1-Jul-99,0,,1,103,3,-40,,HFEM,M,,,A,Calling Census,
1-Jul-99,0,,1,103,3,-40,,HFEM,M,,,A,Calling Census,
1-Jul-99,0,,1,103,3,-40,,HFEM,M,,,A,Calling Census,
1-Jul-99,0,,1,103,3,-40,,HFEM,M,,,A,Calling Census,
1-Jul-99,0,,1,103,3,-40,,HFEM,M,,,A,Calling Census,
1-Jul-99,0,,1,103,3,-40,,HFEM,M,,,A,Calling Census,
1-Jul-99,0,,1,103,3,-40,,HFEM,M,,,A,Calling Census,
1-Jul-99,0,,1,103,3,-40,,HFEM,M,,,A,Calling Census,
1-Jul-99,0,,1,103,3,-40,,HFEM,M,,,A,Calling Census,
1-Jul-99,0,,1,103,3,-40,,HFEM,M,,,A,Calling Census,
1-Jul-99,0,,1,103,3,-40,,HFEM,M,,,A,Calling Census,
1-Jul-99,0,,1,103,3,-40,,HFEM,M,,,A,Calling Census,
1-Jul-99,0,,1,103,3,-40,,HFEM,M,,,A,Calling Census,
1-Jul-99,0,,1,103,3,-40,,HFEM,M,,,A,Calling Census,
1-Jul-99,0,,1,105,5,-77,,HFEM,M,,,A,Calling Census,
1-Jul-99,0,,1,215,8,-144,,HFEM,M,,,A,Calling Census,
1-Jul-99,0,,1,215,8,-144,,HFEM,M,,,A,Calling Census,
1-Jul-99,0,,1,215,8,-144,,HFEM,M,,,A,Calling Census,
1-Jul-99,0,,1,215,8,-144,,HFEM,M,,,A,Calling Census,
1-Jul-99,0,,1,182,1,-20,9,HSQU,M,,,A,Calling Census,
1-Jul-99,0,,3,213,8,-144,,HSQU,M,,,A,Calling Census,
1-Jul-99,0,,3,213,8,-144,,HSQU,M,,,A,Calling Census,
1-Jul-99,0,,3,213,8,-144,,HSQU,M,,,A,Calling Census,
1-Jul-99,0,,3,213,8,-144,,HSQU,M,,,A,Calling Census,
1-Jul-99,0,,3,213,8,-144,,HSQU,M,,,A,Calling Census,
1-Jul-99,0,,3,213,8,-144,,HSQU,M,,,A,Calling Census,
1-Jul-99,0,,3,213,8,-144,,HSQU,M,,,A,Calling Census,
1-Jul-99,0,,3,213,8,-144,,HSQU,M,,,A,Calling Census,
1-Jul-99,0,,3,213,8,-144,,HSQU,M,,,A,Calling Census,
1-Jul-99,0,,3,213,8,-144,,HSQU,M,,,A,Calling Census,
1-Jul-99,0,,3,213,8,-144,,HSQU,M,,,A,Calling Census,
1-Jul-99,0,,3,213,8,-144,,HSQU,M,,,A,Calling Census,
1-Jul-99,0,,3,213,8,-144,,HSQU,M,,,A,Calling Census,
1-Jul-99,0,,3,213,8,-144,,HSQU,M,,,A,Calling Census,
1-Jul-99,0,,3,213,8,-144,,HSQU,M,,,A,Calling Census,
1-Jul-99,0,,3,213,8,-144,,HSQU,M,,,A,Calling Census,
1-Jul-99,0,,3,213,8,-144,,HSQU,M,,,A,Calling Census,
1-Jul-99,0,,3,213,8,-144,,HSQU,M,,,A,Calling Census,
1-Jul-99,0,,3,213,8,-144,,HSQU,M,,,A,Calling Census,
1-Jul-99,0,,3,213,8,-144,,HSQU,M,,,A,Calling Census,
4-Mar-00,8,,3,63,3,-41,,PCRU,M,,,A,Calling Census,
4-Mar-00,8,,3,63,3,-41,,PCRU,M,,,A,Calling Census,
4-Mar-00,8,,3,63,3,-41,,PCRU,M,,,A,Calling Census,
4-Mar-00,8,,3,63,3,-41,,PCRU,M,,,A,Calling Census,
4-Mar-00,8,,3,63,3,-41,,PCRU,M,,,A,Calling Census,
4-Mar-00,8,,3,63,3,-41,,PCRU,M,,,A,Calling Census,
4-Mar-00,8,,3,63,3,-41,,PCRU,M,,,A,Calling Census,
4-Mar-00,8,,3,63,3,-41,,PCRU,M,,,A,Calling Census,
4-Mar-00,8,,3,63,3,-41,,PCRU,M,,,A,Calling Census,
4-Mar-00,8,,3,63,3,-41,,PCRU,M,,,A,Calling Census,
4-Mar-00,8,,3,63,3,-41,,PCRU,M,,,A,Calling Census,
4-Mar-00,8,,3,63,3,-41,,PCRU,M,,,A,Calling Census,
4-Mar-00,8,,3,63,3,-41,,PCRU,M,,,A,Calling Census,
4-Mar-00,8,,3,63,3,-41,,PCRU,M,,,A,Calling Census,
4-Mar-00,8,,3,63,3,-41,,PCRU,M,,,A,Calling Census,
4-Mar-00,8,,3,63,3,-41,,PCRU,M,,,A,Calling Census,
4-Mar-00,8,,3,63,3,-41,,PCRU,M,,,A,Calling Census,
4-Mar-00,8,,3,67,5,-64,,PCRU,M,,,A,Calling Census,nearby frogs were ~150 m away
4-Mar-00,8,,3,67,5,-64,,PCRU,M,,,A,Calling Census,
4-Mar-00,8,,3,67,5,-64,,PCRU,M,,,A,Calling Census,
4-Mar-00,8,,3,67,5,-64,,PCRU,M,,,A,Calling Census,
4-Mar-00,8,,3,67,5,-64,,PCRU,M,,,A,Calling Census,
4-Mar-00,8,,3,67,5,-64,,PCRU,M,,,A,Calling Census,
4-Mar-00,8,,3,67,5,-64,,PCRU,M,,,A,Calling Census,
4-Mar-00,8,,3,67,5,-64,,PCRU,M,,,A,Calling Census,
4-Mar-00,8,,3,67,5,-64,,PCRU,M,,,A,Calling Census,
4-Mar-00,8,,3,67,5,-64,,PCRU,M,,,A,Calling Census,
4-Mar-00,8,,3,67,5,-64,,PCRU,M,,,A,Calling Census,
4-Mar-00,8,,3,67,5,-64,,PCRU,M,,,A,Calling Census,
4-Mar-00,8,,3,67,5,-64,,PCRU,M,,,A,Calling Census,
4-Mar-00,8,,3,67,5,-64,,PCRU,M,,,A,Calling Census,
4-Mar-00,8,,3,67,5,-64,,PCRU,M,,,A,Calling Census,
4-Mar-00,8,,3,67,5,-64,,PCRU,M,,,A,Calling Census,
4-Mar-00,8,,3,67,5,-64,,PCRU,M,,,A,Calling Census,
4-Mar-00,8,,3,67,5,-64,,PCRU,M,,,A,Calling Census,
4-Mar-00,8,,3,67,5,-64,,PCRU,M,,,A,Calling Census,
4-Mar-00,8,,3,67,5,-64,,PCRU,M,,,A,Calling Census,
4-Mar-00,8,,3,67,5,-64,,PCRU,M,,,A,Calling Census,
4-Mar-00,8,,3,67,5,-64,,PCRU,M,,,A,Calling Census,
4-Mar-00,8,,3,67,5,-64,,PCRU,M,,,A,Calling Census,
4-Mar-00,8,,3,67,5,-64,,PCRU,M,,,A,Calling Census,
4-Mar-00,8,,3,67,5,-64,,PCRU,M,,,A,Calling Census,
4-Mar-00,8,,3,67,5,-64,,PCRU,M,,,A,Calling Census,
4-Mar-00,8,,3,67,5,-64,,PCRU,M,,,A,Calling Census,
4-Mar-00,8,,3,67,5,-64,,PCRU,M,,,A,Calling Census,
4-Mar-00,8,,2,164,1,-67,7,PCRU,M,,,A,Calling Census,
4-Mar-00,8,,2,202,8,-144,,PCRU,M,,,A,Calling Census,
4-Mar-00,8,,2,202,8,-144,,PCRU,M,,,A,Calling Census,
4-Mar-00,8,,2,202,8,-144,,PCRU,M,,,A,Calling Census,
4-Mar-00,8,,2,202,8,-144,,PCRU,M,,,A,Calling Census,
4-Mar-00,8,,2,202,8,-144,,PCRU,M,,,A,Calling Census,
4-Mar-00,8,,2,202,8,-144,,PCRU,M,,,A,Calling Census,
4-Mar-00,8,,2,202,8,-144,,PCRU,M,,,A,Calling Census,
4-Mar-00,8,,2,202,8,-144,,PCRU,M,,,A,Calling Census,
4-Mar-00,8,,2,202,8,-144,,PCRU,M,,,A,Calling Census,
4-Mar-00,8,,2,202,8,-144,,PCRU,M,,,A,Calling Census,
4-Mar-00,8,,2,202,8,-144,,PCRU,M,,,A,Calling Census,
4-Mar-00,8,,2,202,8,-144,,PCRU,M,,,A,Calling Census,
4-Mar-00,8,,2,202,8,-144,,PCRU,M,,,A,Calling Census,
4-Mar-00,8,,2,202,8,-144,,PCRU,M,,,A,Calling Census,
4-Mar-00,8,,2,202,8,-144,,PCRU,M,,,A,Calling Census,
4-Mar-00,8,,3,213,8,-144,,PCRU,M,,,A,Calling Census,
4-Mar-00,8,,3,213,8,-144,,PCRU,M,,,A,Calling Census,
4-Mar-00,8,,3,213,8,-144,,PCRU,M,,,A,Calling Census,
4-Mar-00,8,,3,213,8,-144,,PCRU,M,,,A,Calling Census,
4-Mar-00,8,,3,213,8,-144,,PCRU,M,,,A,Calling Census,
4-Mar-00,8,,3,213,8,-144,,PCRU,M,,,A,Calling Census,
4-Mar-00,8,,3,213,8,-144,,PCRU,M,,,A,Calling Census,
4-Mar-00,8,,3,213,8,-144,,PCRU,M,,,A,Calling Census,
4-Mar-00,8,,3,213,8,-144,,PCRU,M,,,A,Calling Census,
4-Mar-00,8,,3,213,8,-144,,PCRU,M,,,A,Calling Census,
4-Mar-00,8,,3,213,8,-144,,PCRU,M,,,A,Calling Census,
4-Mar-00,8,,3,213,8,-144,,PCRU,M,,,A,Calling Census,
4-Mar-00,8,,3,213,8,-144,,PCRU,M,,,A,Calling Census,
4-Mar-00,8,,3,213,8,-144,,PCRU,M,,,A,Calling Census,
4-Mar-00,8,,3,213,8,-144,,PCRU,M,,,A,Calling Census,
19-Feb-00,7,,2,176,0,-4,,PNIG,M,,,A,Calling Census,they were in the nearest pond (that the trail goes by)
19-Feb-00,7,,2,176,0,-4,,PNIG,M,,,A,Calling Census,
19-Feb-00,7,,2,176,0,-4,,PNIG,M,,,A,Calling Census,
19-Feb-00,7,,2,176,0,-4,,PNIG,M,,,A,Calling Census,
27-Feb-00,7,,2,164,1,-67,7,PNIG,M,,,A,Calling Census,pond was burned 2-3 days prior
27-Feb-00,7,,2,202,8,-144,,PNIG,M,,,A,Calling Census,
27-Feb-00,7,,2,202,8,-144,,PNIG,M,,,A,Calling Census,
20-Mar-00,8,,1,112,0,-4,,PNIG,M,,,A,Calling Census,
20-Mar-00,8,,1,112,0,-4,,PNIG,M,,,A,Calling Census,
20-Mar-00,8,,1,112,0,-4,,PNIG,M,,,A,Calling Census,
20-Mar-00,8,,1,112,0,-4,,PNIG,M,,,A,Calling Census,
20-Mar-00,8,,1,182,1,-20,9,PNIG,M,,,A,Calling Census,
4-Mar-00,8,,2,202,8,-144,,PNIG,M,,,A,Calling Census,
4-Mar-00,8,,2,202,8,-144,,PNIG,M,,,A,Calling Census,
1-Jul-99,0,,3,67,5,-64,,POCU,M,,,A,Calling Census,
1-Jul-99,0,,3,67,5,-64,,POCU,M,,,A,Calling Census,
1-Jul-99,0,,3,67,5,-64,,POCU,M,,,A,Calling Census,
1-Jul-99,0,,3,67,5,-64,,POCU,M,,,A,Calling Census,
1-Jul-99,0,,3,67,5,-64,,POCU,M,,,A,Calling Census,
1-Jul-99,0,,3,67,5,-64,,POCU,M,,,A,Calling Census,
1-Jul-99,0,,3,67,5,-64,,POCU,M,,,A,Calling Census,
1-Jul-99,0,,3,67,5,-64,,POCU,M,,,A,Calling Census,
1-Jul-99,0,,3,67,5,-64,,POCU,M,,,A,Calling Census,
1-Jul-99,0,,3,67,5,-64,,POCU,M,,,A,Calling Census,
1-Jul-99,0,,3,67,5,-64,,POCU,M,,,A,Calling Census,
1-Jul-99,0,,3,67,5,-64,,POCU,M,,,A,Calling Census,
1-Jul-99,0,,3,67,5,-64,,POCU,M,,,A,Calling Census,
1-Jul-99,0,,3,67,5,-64,,POCU,M,,,A,Calling Census,
1-Jul-99,0,,3,67,5,-64,,POCU,M,,,A,Calling Census,
1-Jul-99,0,,3,67,5,-64,,POCU,M,,,A,Calling Census,
1-Jul-99,0,,3,67,5,-64,,POCU,M,,,A,Calling Census,
1-Jul-99,0,,3,67,5,-64,,POCU,M,,,A,Calling Census,
1-Jul-99,0,,3,67,5,-64,,POCU,M,,,A,Calling Census,
1-Jul-99,0,,3,67,5,-64,,POCU,M,,,A,Calling Census,
1-Jul-99,0,,3,67,5,-64,,POCU,M,,,A,Calling Census,
1-Jul-99,0,,3,67,5,-64,,POCU,M,,,A,Calling Census,
1-Jul-99,0,,3,67,5,-64,,POCU,M,,,A,Calling Census,
1-Jul-99,0,,3,67,5,-64,,POCU,M,,,A,Calling Census,
1-Jul-99,0,,3,67,5,-64,,POCU,M,,,A,Calling Census,
1-Jul-99,0,,3,67,5,-64,,POCU,M,,,A,Calling Census,
1-Jul-99,0,,3,67,5,-64,,POCU,M,,,A,Calling Census,
1-Jul-99,0,,3,67,5,-64,,POCU,M,,,A,Calling Census,
1-Jul-99,0,,3,67,5,-64,,POCU,M,,,A,Calling Census,
1-Jul-99,0,,3,67,5,-64,,POCU,M,,,A,Calling Census,
1-Jul-99,0,,3,67,5,-64,,POCU,M,,,A,Calling Census,
1-Jul-99,0,,3,67,5,-64,,POCU,M,,,A,Calling Census,
1-Jul-99,0,,3,67,5,-64,,POCU,M,,,A,Calling Census,
1-Jul-99,0,,3,67,5,-64,,POCU,M,,,A,Calling Census,
1-Jul-99,0,,3,67,5,-64,,POCU,M,,,A,Calling Census,
1-Jul-99,0,,3,67,5,-64,,POCU,M,,,A,Calling Census,
1-Jul-99,0,,3,67,5,-64,,POCU,M,,,A,Calling Census,
1-Jul-99,0,,3,67,5,-64,,POCU,M,,,A,Calling Census,
1-Jul-99,0,,3,67,5,-64,,POCU,M,,,A,Calling Census,
1-Jul-99,0,,3,67,5,-64,,POCU,M,,,A,Calling Census,
1-Jul-99,0,,3,67,5,-64,,POCU,M,,,A,Calling Census,
1-Jul-99,0,,3,67,5,-64,,POCU,M,,,A,Calling Census,
1-Jul-99,0,,3,67,5,-64,,POCU,M,,,A,Calling Census,
1-Jul-99,0,,3,67,5,-64,,POCU,M,,,A,Calling Census,
1-Jul-99,0,,3,67,5,-64,,POCU,M,,,A,Calling Census,
1-Jul-99,0,,3,67,5,-64,,POCU,M,,,A,Calling Census,
1-Jul-99,0,,3,67,5,-64,,POCU,M,,,A,Calling Census,
1-Jul-99,0,,3,67,5,-64,,POCU,M,,,A,Calling Census,
1-Jul-99,0,,3,67,5,-64,,POCU,M,,,A,Calling Census,
1-Jul-99,0,,3,67,5,-64,,POCU,M,,,A,Calling Census,
1-Jul-99,0,,3,67,5,-64,,POCU,M,,,A,Calling Census,
1-Jul-99,0,,3,67,5,-64,,POCU,M,,,A,Calling Census,
1-Jul-99,0,,3,67,5,-64,,POCU,M,,,A,Calling Census,
1-Jul-99,0,,3,67,5,-64,,POCU,M,,,A,Calling Census,
1-Jul-99,0,,3,67,5,-64,,POCU,M,,,A,Calling Census,
1-Jul-99,0,,3,67,5,-64,,POCU,M,,,A,Calling Census,
1-Jul-99,0,,3,67,5,-64,,POCU,M,,,A,Calling Census,
1-Jul-99,0,,3,67,5,-64,,POCU,M,,,A,Calling Census,
1-Jul-99,0,,3,67,5,-64,,POCU,M,,,A,Calling Census,
1-Jul-99,0,,3,67,5,-64,,POCU,M,,,A,Calling Census,
1-Jul-99,0,,3,67,5,-64,,POCU,M,,,A,Calling Census,
1-Jul-99,0,,3,67,5,-64,,POCU,M,,,A,Calling Census,
1-Jul-99,0,,3,67,5,-64,,POCU,M,,,A,Calling Census,
1-Jul-99,0,,3,67,5,-64,,POCU,M,,,A,Calling Census,
1-Jul-99,0,,3,67,5,-64,,POCU,M,,,A,Calling Census,
1-Jul-99,0,,3,67,5,-64,,POCU,M,,,A,Calling Census,
1-Jul-99,0,,3,67,5,-64,,POCU,M,,,A,Calling Census,
1-Jul-99,0,,3,67,5,-64,,POCU,M,,,A,Calling Census,
1-Jul-99,0,,3,67,5,-64,,POCU,M,,,A,Calling Census,
1-Jul-99,0,,3,67,5,-64,,POCU,M,,,A,Calling Census,
1-Jul-99,0,,3,67,5,-64,,POCU,M,,,A,Calling Census,
1-Jul-99,0,,3,67,5,-64,,POCU,M,,,A,Calling Census,
1-Jul-99,0,,3,67,5,-64,,POCU,M,,,A,Calling Census,
1-Jul-99,0,,3,67,5,-64,,POCU,M,,,A,Calling Census,
1-Jul-99,0,,3,67,5,-64,,POCU,M,,,A,Calling Census,
1-Jul-99,0,,3,67,5,-64,,POCU,M,,,A,Calling Census,
1-Jul-99,0,,3,67,5,-64,,POCU,M,,,A,Calling Census,
1-Jul-99,0,,3,67,5,-64,,POCU,M,,,A,Calling Census,
1-Jul-99,0,,3,67,5,-64,,POCU,M,,,A,Calling Census,
1-Jul-99,0,,3,67,5,-64,,POCU,M,,,A,Calling Census,
1-Jul-99,0,,3,67,5,-64,,POCU,M,,,A,Calling Census,
1-Jul-99,0,,3,67,5,-64,,POCU,M,,,A,Calling Census,
1-Jul-99,0,,3,67,5,-64,,POCU,M,,,A,Calling Census,
1-Jul-99,0,,3,67,5,-64,,POCU,M,,,A,Calling Census,
1-Jul-99,0,,3,67,5,-64,,POCU,M,,,A,Calling Census,
1-Jul-99,0,,3,67,5,-64,,POCU,M,,,A,Calling Census,
1-Jul-99,0,,3,67,5,-64,,POCU,M,,,A,Calling Census,
1-Jul-99,0,,3,67,5,-64,,POCU,M,,,A,Calling Census,
1-Jul-99,0,,3,67,5,-64,,POCU,M,,,A,Calling Census,
1-Jul-99,0,,3,67,5,-64,,POCU,M,,,A,Calling Census,
1-Jul-99,0,,3,67,5,-64,,POCU,M,,,A,Calling Census,
1-Jul-99,0,,3,67,5,-64,,POCU,M,,,A,Calling Census,
1-Jul-99,0,,3,67,5,-64,,POCU,M,,,A,Calling Census,
1-Jul-99,0,,3,67,5,-64,,POCU,M,,,A,Calling Census,
1-Jul-99,0,,3,67,5,-64,,POCU,M,,,A,Calling Census,
1-Jul-99,0,,3,67,5,-64,,POCU,M,,,A,Calling Census,
1-Jul-99,0,,3,67,5,-64,,POCU,M,,,A,Calling Census,
1-Jul-99,0,,3,67,5,-64,,POCU,M,,,A,Calling Census,
1-Jul-99,0,,3,67,5,-64,,POCU,M,,,A,Calling Census,
1-Jul-99,0,,3,67,5,-64,,POCU,M,,,A,Calling Census,
1-Jul-99,0,,3,67,5,-64,,POCU,M,,,A,Calling Census,
1-Jul-99,0,,3,67,5,-64,,POCU,M,,,A,Calling Census,
1-Jul-99,0,,3,67,5,-64,,POCU,M,,,A,Calling Census,
1-Jul-99,0,,3,67,5,-64,,POCU,M,,,A,Calling Census,
1-Jul-99,0,,3,67,5,-64,,POCU,M,,,A,Calling Census,
1-Jul-99,0,,3,67,5,-64,,POCU,M,,,A,Calling Census,
1-Jul-99,0,,3,67,5,-64,,POCU,M,,,A,Calling Census,
1-Jul-99,0,,3,67,5,-64,,POCU,M,,,A,Calling Census,
1-Jul-99,0,,3,67,5,-64,,POCU,M,,,A,Calling Census,
1-Jul-99,0,,3,67,5,-64,,POCU,M,,,A,Calling Census,
1-Jul-99,0,,3,67,5,-64,,POCU,M,,,A,Calling Census,
1-Jul-99,0,,3,67,5,-64,,POCU,M,,,A,Calling Census,
1-Jul-99,0,,3,67,5,-64,,POCU,M,,,A,Calling Census,
1-Jul-99,0,,3,67,5,-64,,POCU,M,,,A,Calling Census,
1-Jul-99,0,,3,67,5,-64,,POCU,M,,,A,Calling Census,
1-Jul-99,0,,3,67,5,-64,,POCU,M,,,A,Calling Census,
1-Jul-99,0,,3,67,5,-64,,POCU,M,,,A,Calling Census,
1-Jul-99,0,,3,67,5,-64,,POCU,M,,,A,Calling Census,
1-Jul-99,0,,3,67,5,-64,,POCU,M,,,A,Calling Census,
1-Jul-99,0,,3,67,5,-64,,POCU,M,,,A,Calling Census,
1-Jul-99,0,,3,67,5,-64,,POCU,M,,,A,Calling Census,
1-Jul-99,0,,3,67,5,-64,,POCU,M,,,A,Calling Census,
1-Jul-99,0,,3,67,5,-64,,POCU,M,,,A,Calling Census,
1-Jul-99,0,,3,67,5,-64,,POCU,M,,,A,Calling Census,
1-Jul-99,0,,3,67,5,-64,,POCU,M,,,A,Calling Census,
1-Jul-99,0,,3,67,5,-64,,POCU,M,,,A,Calling Census,
1-Jul-99,0,,3,67,5,-64,,POCU,M,,,A,Calling Census,
1-Jul-99,0,,3,67,5,-64,,POCU,M,,,A,Calling Census,
1-Jul-99,0,,3,67,5,-64,,POCU,M,,,A,Calling Census,
1-Jul-99,0,,3,67,5,-64,,POCU,M,,,A,Calling Census,
1-Jul-99,0,,3,67,5,-64,,POCU,M,,,A,Calling Census,
1-Jul-99,0,,3,67,5,-64,,POCU,M,,,A,Calling Census,
1-Jul-99,0,,3,67,5,-64,,POCU,M,,,A,Calling Census,
1-Jul-99,0,,3,67,5,-64,,POCU,M,,,A,Calling Census,
1-Jul-99,0,,3,67,5,-64,,POCU,M,,,A,Calling Census,
1-Jul-99,0,,3,67,5,-64,,POCU,M,,,A,Calling Census,
1-Jul-99,0,,3,67,5,-64,,POCU,M,,,A,Calling Census,
1-Jul-99,0,,3,67,5,-64,,POCU,M,,,A,Calling Census,
1-Jul-99,0,,3,67,5,-64,,POCU,M,,,A,Calling Census,
1-Jul-99,0,,3,67,5,-64,,POCU,M,,,A,Calling Census,
1-Jul-99,0,,3,67,5,-64,,POCU,M,,,A,Calling Census,
1-Jul-99,0,,3,67,5,-64,,POCU,M,,,A,Calling Census,
1-Jul-99,0,,3,67,5,-64,,POCU,M,,,A,Calling Census,
1-Jul-99,0,,3,67,5,-64,,POCU,M,,,A,Calling Census,
1-Jul-99,0,,3,67,5,-64,,POCU,M,,,A,Calling Census,
1-Jul-99,0,,3,67,5,-64,,POCU,M,,,A,Calling Census,
1-Jul-99,0,,3,67,5,-64,,POCU,M,,,A,Calling Census,
1-Jul-99,0,,3,67,5,-64,,POCU,M,,,A,Calling Census,
1-Jul-99,0,,3,67,5,-64,,POCU,M,,,A,Calling Census,
1-Jul-99,0,,3,67,5,-64,,POCU,M,,,A,Calling Census,
1-Jul-99,0,,3,67,5,-64,,POCU,M,,,A,Calling Census,
1-Jul-99,0,,1,105,5,-77,,POCU,M,,,A,Calling Census,
1-Jul-99,0,,1,105,5,-77,,POCU,M,,,A,Calling Census,
1-Jul-99,0,,1,105,5,-77,,POCU,M,,,A,Calling Census,
1-Jul-99,0,,1,105,5,-77,,POCU,M,,,A,Calling Census,
1-Jul-99,0,,1,105,5,-77,,POCU,M,,,A,Calling Census,
1-Jul-99,0,,1,105,5,-77,,POCU,M,,,A,Calling Census,
1-Jul-99,0,,1,105,5,-77,,POCU,M,,,A,Calling Census,
1-Jul-99,0,,1,105,5,-77,,POCU,M,,,A,Calling Census,
1-Jul-99,0,,1,105,5,-77,,POCU,M,,,A,Calling Census,
1-Jul-99,0,,1,105,5,-77,,POCU,M,,,A,Calling Census,
1-Jul-99,0,,1,105,5,-77,,POCU,M,,,A,Calling Census,
1-Jul-99,0,,1,105,5,-77,,POCU,M,,,A,Calling Census,
1-Jul-99,0,,1,105,5,-77,,POCU,M,,,A,Calling Census,
1-Jul-99,0,,1,105,5,-77,,POCU,M,,,A,Calling Census,
1-Jul-99,0,,1,105,5,-77,,POCU,M,,,A,Calling Census,
1-Jul-99,0,,1,105,5,-77,,POCU,M,,,A,Calling Census,
1-Jul-99,0,,1,105,5,-77,,POCU,M,,,A,Calling Census,
1-Jul-99,0,,1,105,5,-77,,POCU,M,,,A,Calling Census,
1-Jul-99,0,,1,105,5,-77,,POCU,M,,,A,Calling Census,
1-Jul-99,0,,1,105,5,-77,,POCU,M,,,A,Calling Census,
1-Jul-99,0,,1,105,5,-77,,POCU,M,,,A,Calling Census,
1-Jul-99,0,,1,105,5,-77,,POCU,M,,,A,Calling Census,
1-Jul-99,0,,1,105,5,-77,,POCU,M,,,A,Calling Census,
1-Jul-99,0,,1,105,5,-77,,POCU,M,,,A,Calling Census,
1-Jul-99,0,,1,105,5,-77,,POCU,M,,,A,Calling Census,
1-Jul-99,0,,1,105,5,-77,,POCU,M,,,A,Calling Census,
1-Jul-99,0,,1,105,5,-77,,POCU,M,,,A,Calling Census,
1-Jul-99,0,,1,105,5,-77,,POCU,M,,,A,Calling Census,
1-Jul-99,0,,1,105,5,-77,,POCU,M,,,A,Calling Census,
1-Jul-99,0,,1,105,5,-77,,POCU,M,,,A,Calling Census,
1-Jul-99,0,,1,105,5,-77,,POCU,M,,,A,Calling Census,
1-Jul-99,0,,1,105,5,-77,,POCU,M,,,A,Calling Census,
1-Jul-99,0,,1,105,5,-77,,POCU,M,,,A,Calling Census,
1-Jul-99,0,,1,105,5,-77,,POCU,M,,,A,Calling Census,
1-Jul-99,0,,1,105,5,-77,,POCU,M,,,A,Calling Census,
1-Jul-99,0,,1,105,5,-77,,POCU,M,,,A,Calling Census,
1-Jul-99,0,,1,105,5,-77,,POCU,M,,,A,Calling Census,
1-Jul-99,0,,1,105,5,-77,,POCU,M,,,A,Calling Census,
1-Jul-99,0,,1,105,5,-77,,POCU,M,,,A,Calling Census,
1-Jul-99,0,,1,105,5,-77,,POCU,M,,,A,Calling Census,
1-Jul-99,0,,1,105,5,-77,,POCU,M,,,A,Calling Census,
1-Jul-99,0,,1,105,5,-77,,POCU,M,,,A,Calling Census,
1-Jul-99,0,,1,105,5,-77,,POCU,M,,,A,Calling Census,
1-Jul-99,0,,1,105,5,-77,,POCU,M,,,A,Calling Census,
1-Jul-99,0,,1,105,5,-77,,POCU,M,,,A,Calling Census,
1-Jul-99,0,,1,105,5,-77,,POCU,M,,,A,Calling Census,
1-Jul-99,0,,1,105,5,-77,,POCU,M,,,A,Calling Census,
1-Jul-99,0,,1,105,5,-77,,POCU,M,,,A,Calling Census,
1-Jul-99,0,,1,105,5,-77,,POCU,M,,,A,Calling Census,
1-Jul-99,0,,1,105,5,-77,,POCU,M,,,A,Calling Census,
1-Jul-99,0,,1,112,0,-4,,POCU,M,,,A,Calling Census,
1-Jul-99,0,,1,112,0,-4,,POCU,M,,,A,Calling Census,
1-Jul-99,0,,1,112,0,-4,,POCU,M,,,A,Calling Census,
1-Jul-99,0,,1,112,0,-4,,POCU,M,,,A,Calling Census,
1-Jul-99,0,,1,112,0,-4,,POCU,M,,,A,Calling Census,
1-Jul-99,0,,1,112,0,-4,,POCU,M,,,A,Calling Census,
1-Jul-99,0,,3,180,1,-15,5,POCU,M,,,A,Calling Census,
1-Jul-99,0,,3,180,1,-15,5,POCU,M,,,A,Calling Census,
1-Jul-99,0,,3,180,1,-15,5,POCU,M,,,A,Calling Census,
1-Jul-99,0,,3,180,1,-15,5,POCU,M,,,A,Calling Census,
1-Jul-99,0,,3,180,1,-15,5,POCU,M,,,A,Calling Census,
1-Jul-99,0,,3,180,1,-15,5,POCU,M,,,A,Calling Census,
1-Jul-99,0,,3,180,1,-15,5,POCU,M,,,A,Calling Census,
1-Jul-99,0,,3,180,1,-15,5,POCU,M,,,A,Calling Census,
1-Jul-99,0,,3,180,1,-15,5,POCU,M,,,A,Calling Census,
1-Jul-99,0,,3,180,1,-15,5,POCU,M,,,A,Calling Census,
1-Jul-99,0,,3,180,1,-15,5,POCU,M,,,A,Calling Census,
1-Jul-99,0,,1,182,1,-20,9,POCU,M,,,A,Calling Census,
1-Jul-99,0,,3,213,8,-144,,POCU,M,,,A,Calling Census,
1-Jul-99,0,,3,213,8,-144,,POCU,M,,,A,Calling Census,
1-Jul-99,0,,3,213,8,-144,,POCU,M,,,A,Calling Census,
1-Jul-99,0,,3,213,8,-144,,POCU,M,,,A,Calling Census,
1-Jul-99,0,,3,213,8,-144,,POCU,M,,,A,Calling Census,
1-Jul-99,0,,3,213,8,-144,,POCU,M,,,A,Calling Census,
1-Jul-99,0,,3,213,8,-144,,POCU,M,,,A,Calling Census,
1-Jul-99,0,,3,213,8,-144,,POCU,M,,,A,Calling Census,
1-Jul-99,0,,3,213,8,-144,,POCU,M,,,A,Calling Census,
1-Jul-99,0,,3,213,8,-144,,POCU,M,,,A,Calling Census,
1-Jul-99,0,,3,213,8,-144,,POCU,M,,,A,Calling Census,
1-Jul-99,0,,3,213,8,-144,,POCU,M,,,A,Calling Census,
1-Jul-99,0,,3,213,8,-144,,POCU,M,,,A,Calling Census,
1-Jul-99,0,,3,213,8,-144,,POCU,M,,,A,Calling Census,
1-Jul-99,0,,3,213,8,-144,,POCU,M,,,A,Calling Census,
1-Jul-99,0,,3,213,8,-144,,POCU,M,,,A,Calling Census,
1-Jul-99,0,,3,213,8,-144,,POCU,M,,,A,Calling Census,
1-Jul-99,0,,3,213,8,-144,,POCU,M,,,A,Calling Census,
1-Jul-99,0,,3,213,8,-144,,POCU,M,,,A,Calling Census,
1-Jul-99,0,,3,213,8,-144,,POCU,M,,,A,Calling Census,
1-Jul-99,0,,3,213,8,-144,,POCU,M,,,A,Calling Census,
1-Jul-99,0,,3,213,8,-144,,POCU,M,,,A,Calling Census,
1-Jul-99,0,,3,213,8,-144,,POCU,M,,,A,Calling Census,
1-Jul-99,0,,3,213,8,-144,,POCU,M,,,A,Calling Census,
1-Jul-99,0,,3,213,8,-144,,POCU,M,,,A,Calling Census,
1-Jul-99,0,,3,213,8,-144,,POCU,M,,,A,Calling Census,
1-Jul-99,0,,3,213,8,-144,,POCU,M,,,A,Calling Census,
1-Jul-99,0,,3,213,8,-144,,POCU,M,,,A,Calling Census,
1-Jul-99,0,,3,213,8,-144,,POCU,M,,,A,Calling Census,
1-Jul-99,0,,3,213,8,-144,,POCU,M,,,A,Calling Census,
1-Jul-99,0,,1,215,8,-144,,POCU,M,,,A,Calling Census,
1-Jul-99,0,,1,215,8,-144,,POCU,M,,,A,Calling Census,
1-Jul-99,0,,1,215,8,-144,,POCU,M,,,A,Calling Census,
1-Jul-99,0,,1,215,8,-144,,POCU,M,,,A,Calling Census,
1-Jul-99,0,,1,215,8,-144,,POCU,M,,,A,Calling Census,
1-Jul-99,0,,1,215,8,-144,,POCU,M,,,A,Calling Census,
2-Jul-99,0,,2,104,3,-39,,POCU,M,,,A,Calling Census,
2-Jul-99,0,,2,104,3,-39,,POCU,M,,,A,Calling Census,
2-Jul-99,0,,2,104,3,-39,,POCU,M,,,A,Calling Census,
2-Jul-99,0,,2,104,3,-39,,POCU,M,,,A,Calling Census,
2-Jul-99,0,,2,104,3,-39,,POCU,M,,,A,Calling Census,
2-Jul-99,0,,2,104,3,-39,,POCU,M,,,A,Calling Census,
2-Jul-99,0,,2,176,0,-4,,POCU,M,,,A,Calling Census,
2-Jul-99,0,,2,176,0,-4,,POCU,M,,,A,Calling Census,
2-Jul-99,0,,2,176,0,-4,,POCU,M,,,A,Calling Census,
2-Jul-99,0,,2,176,0,-4,,POCU,M,,,A,Calling Census,
2-Jul-99,0,,2,176,0,-4,,POCU,M,,,A,Calling Census,
2-Jul-99,0,,2,176,0,-4,,POCU,M,,,A,Calling Census,
2-Jul-99,0,,2,202,8,-144,,POCU,M,,,A,Calling Census,
2-Jul-99,0,,2,202,8,-144,,POCU,M,,,A,Calling Census,
27-Feb-00,7,,2,164,1,-67,7,POCU,M,,,A,Calling Census,pond was burned 2-3 days prior
27-Feb-00,7,,2,202,8,-144,,POCU,M,,,A,Calling Census,
20-Mar-00,8,,1,112,0,-4,,POCU,M,,,A,Calling Census,
20-Mar-00,8,,1,112,0,-4,,POCU,M,,,A,Calling Census,
19-Feb-00,7,,3,180,1,-15,5,PORN,M,,,A,Calling Census,on opposite side of road
19-Feb-00,7,,3,180,1,-15,5,PORN,M,,,A,Calling Census,
1-Jul-99,0,,1,103,3,-40,,RCAT,M,,,A,Calling Census,
1-Jul-99,0,,3,175,0,-2,,RCAT,M,,,A,Calling Census,
20-Mar-00,8,,1,103,3,-40,,RCAT,M,,,A,Calling Census,
1-Jul-99,0,,1,103,3,-40,,RCLA,M,,,A,Calling Census,
1-Jul-99,0,,1,103,3,-40,,RSPH,M,,,A,Calling Census,
1-Jul-99,0,,1,103,3,-40,,RSPH,M,,,A,Calling Census,
1-Jul-99,0,,1,103,3,-40,,RSPH,M,,,A,Calling Census,
1-Jul-99,0,,1,103,3,-40,,RSPH,M,,,A,Calling Census,
1-Jul-99,0,,1,105,5,-77,,RSPH,M,,,A,Calling Census,
1-Jul-99,0,,1,105,5,-77,,RSPH,M,,,A,Calling Census,
1-Jul-99,0,,1,105,5,-77,,RSPH,M,,,A,Calling Census,
1-Jul-99,0,,1,105,5,-77,,RSPH,M,,,A,Calling Census,
1-Jul-99,0,,1,105,5,-77,,RSPH,M,,,A,Calling Census,
1-Jul-99,0,,1,105,5,-77,,RSPH,M,,,A,Calling Census,
1-Jul-99,0,,3,213,8,-144,,RSPH,M,,,A,Calling Census,
1-Jul-99,0,,3,213,8,-144,,RSPH,M,,,A,Calling Census,
1-Jul-99,0,,3,213,8,-144,,RSPH,M,,,A,Calling Census,
27-Feb-00,7,,2,164,1,-67,7,RSPH,M,,,A,Calling Census,pond was burned 2-3 days prior
4-Mar-00,8,,2,164,1,-67,7,RSPH,M,,,A,Calling Census,
1-Jul-99,0,,1,103,3,-40,,RVIR,M,,,A,Calling Census,
1-Jul-99,0,,1,103,3,-40,,RVIR,M,,,A,Calling Census,
1-Jul-99,0,,1,103,3,-40,,RVIR,M,,,A,Calling Census,
1-Jul-99,0,,1,103,3,-40,,RVIR,M,,,A,Calling Census,
1-Jul-99,0,,1,103,3,-40,,RVIR,M,,,A,Calling Census,
1-Jul-99,0,,1,103,3,-40,,RVIR,M,,,A,Calling Census,
1-Jul-99,0,,1,103,3,-40,,RVIR,M,,,A,Calling Census,
20-Mar-00,8,,1,103,3,-40,,RVIR,M,,,A,Calling Census,
20-Mar-00,8,,1,112,0,-4,,RVIR,M,,,A,Calling Census,
20-Mar-00,8,,1,112,0,-4,,RVIR,M,,,A,Calling Census,
20-Mar-00,8,,1,112,0,-4,,RVIR,M,,,A,Calling Census,
22-Jul-99,0,,1,103,3,-40,,AGRY,,,,adult,Incidental,next to fence 1 at 1400h
23-Sep-99,2,,3,63,3,-41,,AGRY,,,,,Incidental,"in pond, next to primary."
23-Sep-99,2,,3,175,0,-2,,AGRY,,,,,Incidental,next to fence.
13-Nov-99,4,,1,103,3,-40,,AGRY,,,,adult,Incidental,in puddle on trail.
20-Nov-99,4,,3,180,1,-15,5,AGRY,,,,adult,Incidental,in pond.
28-Dec-99,5,,3,175,0,-2,,AGRY,,,,adult,Incidental,on pond margin.
26-Feb-00,7,,3,63,3,-41,,AGRY,,,,adult,Incidental,at fence 1
26-Feb-00,7,,3,175,0,-2,,AGRY,,,,adult,Incidental,on pond margin
27-Mar-00,8,,3,63,3,-41,,AGRY,M,,,adult,Incidental,calling from pond in daylight.  chorus nearby.
29-Mar-00,8,,2,164,1,-67,7,AGRY,,,,adult,Incidental,in puddle on freshly burned trail to pond.
28-May-99,10,,1,103,3,-40,,AGRY,M,,,adult,Incidental,calling
28-May-99,10,,3,180,1,-15,5,AGRY,,,,adult,Incidental,
11-Jan-00,6,,3,213,8,-144,,AMAC,,,,eggs,Incidental,egg mass - laid the day before
15-Jul-99,0,,2,202,8,-144,,BTER,,,,adult,Incidental,caught in pitfall on trial trapping in this pond only
15-Jul-99,0,,2,202,8,-144,,BTER,,,,adult,Incidental,caught in pitfall on trial trapping in this pond only
15-Jul-99,0,,2,202,8,-144,,BTER,,,,adult,Incidental,caught in pitfall on trial trapping in this pond only
23-Jul-99,0,,3,213,8,-144,,BTER,,,,adult,Incidental,seen during fence contruction
21-Aug-99,1,,2,104,3,-39,,BTER,,1.9,0.54,juvenile,Incidental,"hopping next to fence 2, bucket A"
20-Jun-00,11,,3,175,0,,,BTER,M,,,adult,incidental,calling
20-Jun-00,11,,3,175,0,,,BTER,M,,,adult,incidental,calling
20-Jun-00,11,,3,175,0,,,BTER,M,,,adult,incidental,calling
30-Jun-99,-1,,1,215,8,-144,,GCAR,M,,,adult,Incidental,"6 calling near, but not in, pond"
15-Jul-99,0,,2,104,3,-39,,GCAR,M,,,adult,Incidental,calling
15-Jul-99,0,,2,104,3,-39,,GCAR,M,,,adult,Incidental,calling
15-Jul-99,0,,2,104,3,-39,,GCAR,M,,,adult,Incidental,calling
15-Jul-99,0,,2,104,3,-39,,GCAR,M,,,adult,Incidental,calling
15-Jul-99,0,,2,104,3,-39,,GCAR,M,,,adult,Incidental,calling
15-Jul-99,0,,2,104,3,-39,,GCAR,M,,,adult,Incidental,calling
15-Jul-99,0,,2,104,3,-39,,GCAR,M,,,adult,Incidental,calling
15-Jul-99,0,,2,104,3,-39,,GCAR,M,,,adult,Incidental,calling
15-Jul-99,0,,2,104,3,-39,,GCAR,M,,,adult,Incidental,calling
15-Jul-99,0,,2,104,3,-39,,GCAR,M,,,adult,Incidental,calling
15-Jul-99,0,,2,104,3,-39,,GCAR,M,,,adult,Incidental,calling
15-Jul-99,0,,2,104,3,-39,,GCAR,M,,,adult,Incidental,calling
15-Jul-99,0,,2,104,3,-39,,GCAR,M,,,adult,Incidental,calling
25-Jul-99,0,,3,67,5,-64,,GCAR,,,,adult,Incidental,seen next to fence 2 or 3 when installing fence.
20-Jun-00,11,,3,213,8,,,HCHR,M,,,adult,incidental,calling
2-Nov-99,4,,3,213,8,-144,,HCIN,,,,,Incidental,in pond
17-Jul-99,0,,2,181,1,-15,8,HFEM,,,,adult,Incidental,near fence 1
18-Aug-99,1,,2,176,0,-4,,HFEM,,,,adult,Incidental,in primary marker
20-Jun-00,11,,1,112,0,,,HFEM,M,,,adult,incidental,calling
20-Jun-00,11,,3,213,8,,,HSQU,M,,,adult,incidental,calling
20-Jun-00,11,,3,213,8,,,HSQU,M,,,adult,incidental,calling
20-Jun-00,11,,3,213,8,,,HSQU,M,,,adult,incidental,calling
20-Jun-00,11,,3,213,8,,,HSQU,M,,,adult,incidental,calling
20-Jun-00,11,,3,213,8,,,HSQU,M,,,adult,incidental,calling
20-Jun-00,11,,3,213,8,,,HSQU,M,,,adult,incidental,calling
20-Jun-00,11,,3,213,8,,,HSQU,M,,,adult,incidental,calling
20-Jun-00,11,,3,213,8,,,HSQU,M,,,adult,incidental,calling
22-Mar-00,8,,1,182,1,-20,9,PNIG,M,,,adult,Incidental,calling nearby in daylight.
22-Mar-00,8,,1,182,1,-20,9,PNIG,M,,,adult,Incidental,calling nearby in daylight.
5-Mar-00,8,,2,202,8,-144,,PNIG,M,,,adult,Incidental,calling.  probably counted in previous night's calling census.
30-Jun-99,-1,,1,215,8,-144,,POCU,M,,,adult,Incidental,6 calling very near and in pond.
17-Jul-99,0,,2,104,3,-39,,POCU,,,,adult,Incidental,in pond
17-Jul-99,0,,2,164,1,-67,7,POCU,,,,adult,Incidental,in pond
16-Mar-00,8,,2,104,3,-39,,POCU,M,,,adult,Incidental,calling nearby in daylight.
16-Mar-00,8,,2,176,0,-4,,POCU,M,,,adult,Incidental,calling from pond in daylight.
16-Mar-00,8,,2,176,0,-4,,POCU,M,,,adult,Incidental,calling from pond in daylight.
16-Mar-00,8,,2,176,0,-4,,POCU,M,,,adult,Incidental,calling nearby pond in daylight.
16-Mar-00,8,,2,176,0,-4,,POCU,M,,,adult,Incidental,calling nearby pond in daylight.
16-Mar-00,8,,2,176,0,-4,,POCU,M,,,adult,Incidental,calling nearby pond in daylight.
16-Mar-00,8,,2,181,1,-15,8,POCU,M,,,adult,Incidental,calling from pond in daylight.
16-Mar-00,8,,2,202,8,-144,,POCU,M,,,adult,Incidental,calling from pond in daylight.
16-Mar-00,8,,2,202,8,-144,,POCU,M,,,adult,Incidental,calling from pond in daylight.
16-Mar-00,8,,2,202,8,-144,,POCU,M,,,adult,Incidental,calling from pond in daylight.
27-Mar-00,8,,3,63,3,-41,,POCU,M,,,adult,Incidental,calling around pond in daylight.
27-Mar-00,8,,3,63,3,-41,,POCU,M,,,adult,Incidental,calling around pond in daylight.
27-Mar-00,8,,3,63,3,-41,,POCU,M,,,adult,Incidental,calling around pond in daylight.
27-Mar-00,8,,3,63,3,-41,,POCU,M,,,adult,Incidental,calling around pond in daylight.
27-Mar-00,8,,3,63,3,-41,,POCU,M,,,adult,Incidental,calling around pond in daylight.
27-Mar-00,8,,1,103,3,-40,,POCU,M,,,adult,Incidental,calling near fence 1 in daylight.
27-Mar-00,8,,1,112,0,-4,,POCU,M,,,adult,Incidental,calling nearby.
27-May-99,10,,1,112,0,-4,,POCU,,,,adult,Incidental,
28-May-99,10,,3,180,1,-15,5,POCU,,,,adult,Incidental,
20-Jun-00,11,,1,112,0,,,POCU,M,,,adult,incidental,calling
20-Jun-00,11,,1,112,0,,,POCU,M,,,adult,incidental,calling
26-Feb-00,7,,3,67,5,-64,,PVAR,,,,adult,Incidental,slimy salamander found under log on trail by Jeremi
18-Jul-99,0,,1,105,5,-77,,RCLA,M,,,adult,Incidental,calling
18-Jul-99,0,,1,105,5,-77,,RCLA,M,,,adult,Incidental,calling
18-Jul-99,0,,1,105,5,-77,,RCLA,M,,,adult,Incidental,calling
18-Jul-99,0,,1,112,0,-4,,RCLA,M,,,adult,Incidental,calling
18-Jul-99,0,,1,112,0,-4,,RCLA,M,,,adult,Incidental,calling
18-Jul-99,0,,1,112,0,-4,,RCLA,M,,,adult,Incidental,calling
18-Jul-99,0,,1,112,0,-4,,RCLA,M,,,adult,Incidental,calling
18-Jul-99,0,,1,112,0,-4,,RCLA,M,,,adult,Incidental,calling
23-Jul-99,0,,3,213,8,-144,,RCLA,M,,,adult,Incidental,calling
23-Jul-99,0,,3,213,8,-144,,RCLA,M,,,adult,Incidental,calling
23-Jul-99,0,,3,213,8,-144,,RCLA,M,,,adult,Incidental,calling
23-Jul-99,0,,3,213,8,-144,,RCLA,M,,,adult,Incidental,calling
23-Jul-99,0,,3,213,8,-144,,RCLA,M,,,adult,Incidental,calling
23-Jul-99,0,,3,213,8,-144,,RCLA,M,,,adult,Incidental,calling
18-Aug-99,1,,1,112,0,-4,,RCLA,M,,,adult,Incidental,calling
18-Aug-99,1,,1,112,0,-4,,RCLA,M,,,adult,Incidental,calling
19-Sep-99,2,,1,215,8,-144,,RCLA,M,,,adult,Incidental,calling
22-Mar-00,8,,2,164,1,-67,7,RCLA,M,,,adult,Incidental,calling in or very neary pond.
22-Mar-00,8,,2,164,1,-67,7,RCLA,M,,,adult,Incidental,calling in or very neary pond.
22-Mar-00,8,,2,164,1,-67,7,RCLA,M,,,adult,Incidental,calling in or very neary pond.
22-Mar-00,8,,3,213,8,-144,,RCLA,M,,,adult,Incidental,calling nearby in daylight.
22-Mar-00,8,,3,213,8,-144,,RCLA,M,,,adult,Incidental,calling nearby in daylight.
29-Mar-00,8,,2,164,1,-67,7,RCLA,M,,,adult,Incidental,calling from pond in daylight.
29-Mar-00,8,,2,164,1,-67,7,RCLA,M,,,adult,Incidental,calling from pond in daylight.
28-May-99,10,,1,103,3,-40,,RCLA,M,,,adult,Incidental,calling
19-Sep-99,2,,1,105,5,-77,,RSPH,M,,,adult,Incidental,calling
19-Sep-99,2,,1,105,5,-77,,RSPH,M,,,adult,Incidental,calling
19-Sep-99,2,,1,105,5,-77,,RSPH,M,,,adult,Incidental,calling
19-Sep-99,2,,1,105,5,-77,,RSPH,M,,,adult,Incidental,calling
19-Sep-99,2,,1,105,5,-77,,RSPH,M,,,adult,Incidental,calling
19-Sep-99,2,,1,105,5,-77,,RSPH,M,,,adult,Incidental,calling
19-Sep-99,2,,1,112,0,-4,,RSPH,M,,,adult,Incidental,calling
19-Sep-99,2,,1,112,0,-4,,RSPH,M,,,adult,Incidental,calling
1-Nov-99,4,,1,112,0,-4,,RSPH,,,,metamorph,Incidental,seen in pond
26-Feb-00,7,,3,67,5,-64,,RSPH,M,,,adult,Incidental,calling from pond in daylight
26-Feb-00,7,,3,67,5,-64,,RSPH,M,,,adult,Incidental,calling from pond in daylight
26-Feb-00,7,,3,67,5,-64,,RSPH,M,,,adult,Incidental,calling from pond in daylight
26-Feb-00,7,,3,67,5,-64,,RSPH,M,,,adult,Incidental,calling from pond in daylight
27-Mar-00,8,,1,103,3,-40,,RVIR,M,,,adult,Incidental,calling from pond in daylight.
27-Mar-00,8,,1,103,3,-40,,RVIR,M,,,adult,Incidental,calling from pond in daylight.
31-Oct-99,3,,2,104,3,-39,,AMEA,,51.5,,A,Minnow Trapping,
27-Feb-00,7,,1,215,8,-144,,AMEA,,30,28.87,A,Minnow Trapping,
26-Feb-00,7,,3,67,5,-64,,AOPA,,2.3,0.14,L,Minnow Trapping,
26-Feb-00,7,,2,104,3,-39,,AOPA,,2.7,0.13,L,Minnow Trapping,
26-Feb-00,7,,3,213,8,-144,,AOPA,,2.6,0.59,L,Minnow Trapping,TL is 3.6
26-Feb-00,7,,3,213,8,-144,,AOPA,,2.4,0.58,L,Minnow Trapping,TL is 2.4.  Tail damage.
26-Feb-00,7,,3,213,8,-144,,AOPA,,3.7,0.77,L,Minnow Trapping,TL is 4.7
26-Feb-00,7,,3,213,8,-144,,AOPA,,3,0.7,L,Minnow Trapping,TL is 4.0.  Tail damage
26-Feb-00,7,,3,213,8,-144,,AOPA,,3.8,0.66,L,Minnow Trapping,TL is 4.8
26-Feb-00,7,,3,213,8,-144,,AOPA,,3,0.44,L,Minnow Trapping,TL is 4.0
26-Feb-00,7,,3,213,8,-144,,AOPA,,3,0.55,L,Minnow Trapping,TL is 4.0
26-Feb-00,7,,3,213,8,-144,,AOPA,,3.5,0.67,L,Minnow Trapping,TL is 4.5
26-Feb-00,7,,3,213,8,-144,,AOPA,,3.6,0.57,L,Minnow Trapping,TL is 4.6
26-Feb-00,7,,3,213,8,-144,,AOPA,,3.2,0.6,L,Minnow Trapping,TL is 4.2
26-Feb-00,7,,3,213,8,-144,,AOPA,,3.6,0.79,L,Minnow Trapping,TL is 4.6
26-Feb-00,7,,3,213,8,-144,,AOPA,,2.2,0.51,L,Minnow Trapping,TL is 3.2
26-Feb-00,7,,3,213,8,-144,,AOPA,,3,0.5,L,Minnow Trapping,TL is 4.0
31-Oct-99,3,,2,202,8,-144,,HFEM,,4.1,7.7,L,Minnow Trapping,
1-Nov-99,4,,1,105,5,-77,,HFEM,,3.7,,L,Minnow Trapping,turbo
1-Nov-99,4,,1,105,5,-77,,HFEM,,3.5,,L,Minnow Trapping,
1-Nov-99,4,,1,182,1,-20,9,HFEM,,3.5,,L,Minnow Trapping,
1-Nov-99,4,,1,182,1,-20,9,HFEM,,3.5,,L,Minnow Trapping,
1-Nov-99,4,,1,182,1,-20,9,HFEM,,4,,L,Minnow Trapping,
1-Nov-99,4,,1,182,1,-20,9,HFEM,,3.4,,L,Minnow Trapping,
1-Nov-99,4,,1,182,1,-20,9,HFEM,,4.1,,L,Minnow Trapping,
1-Nov-99,4,,1,182,1,-20,9,HFEM,,3.8,,L,Minnow Trapping,
1-Nov-99,4,,1,182,1,-20,9,HFEM,,3.9,,L,Minnow Trapping,
1-Nov-99,4,,1,182,1,-20,9,HFEM,,3.4,,L,Minnow Trapping,
1-Nov-99,4,,1,182,1,-20,9,HFEM,,3.9,,L,Minnow Trapping,
1-Nov-99,4,,1,182,1,-20,9,HFEM,,,,L,Minnow Trapping,escaped before measuring
1-Nov-99,4,,1,182,1,-20,9,HFEM,,4,,L,Minnow Trapping,
1-Nov-99,4,,1,215,8,-144,,HFEM,,3,,L,Minnow Trapping,
2-Nov-99,4,,3,180,1,-15,5,HFEM,,2.9,,L,Minnow Trapping,with hind legs
2-Nov-99,4,,3,180,1,-15,5,HFEM,,2.5,,L,Minnow Trapping,
2-Nov-99,4,,3,180,1,-15,5,HFEM,,2.8,,L,Minnow Trapping,
2-Nov-99,4,,3,180,1,-15,5,HFEM,,3.2,,L,Minnow Trapping,with hind legs
31-Oct-99,3,,2,202,8,-144,,NVIR,F,4.2,2.82,A,Minnow Trapping,
2-Nov-99,4,,3,213,8,-144,,NVIR,M,4.5,,A,Minnow Trapping,
2-Nov-99,4,,3,213,8,-144,,NVIR,M,3.5,,A,Minnow Trapping,
26-Feb-00,7,,3,67,5,-64,,NVIR,F,3.6,1.5,A,Minnow Trapping,
26-Feb-00,7,,3,213,8,-144,,NVIR,M,4.7,3.54,A,Minnow Trapping,
27-Feb-00,7,,2,202,8,-144,,PCRU,,2.5,,L,Minnow Trapping,
27-Feb-00,7,,1,215,8,-144,,PCRU,,2.1,0.19,L,Minnow Trapping,saved
31-Oct-99,3,,2,104,3,-39,,POCU,,3,0.28,L,Minnow Trapping,
31-Oct-99,3,,2,104,3,-39,,POCU,,2.6,0.17,L,Minnow Trapping,
31-Oct-99,3,,2,104,3,-39,,POCU,,2.8,0.13,L,Minnow Trapping,
31-Oct-99,3,,2,164,1,-67,7,POCU,,2.6,0.18,L,Minnow Trapping,
31-Oct-99,3,,2,164,1,-67,7,POCU,,2.6,0.16,L,Minnow Trapping,
31-Oct-99,3,,2,164,1,-67,7,POCU,,2.3,0.15,L,Minnow Trapping,
31-Oct-99,3,,2,164,1,-67,7,POCU,,2.6,0.23,L,Minnow Trapping,
31-Oct-99,3,,2,164,1,-67,7,POCU,,2.2,0.14,L,Minnow Trapping,
31-Oct-99,3,,2,181,1,-15,8,POCU,,2.8,,L,Minnow Trapping,
31-Oct-99,3,,2,181,1,-15,8,POCU,,2.3,,L,Minnow Trapping,
31-Oct-99,3,,2,202,8,-144,,POCU,,3.2,0.35,L,Minnow Trapping,
31-Oct-99,3,,2,202,8,-144,,POCU,,3.1,0.32,L,Minnow Trapping,
31-Oct-99,3,,2,202,8,-144,,POCU,,3.1,0.29,L,Minnow Trapping,
31-Oct-99,3,,2,202,8,-144,,POCU,,3,0.24,L,Minnow Trapping,
31-Oct-99,3,,2,202,8,-144,,POCU,,2.9,0.24,L,Minnow Trapping,
31-Oct-99,3,,2,202,8,-144,,POCU,,2.6,0.29,L,Minnow Trapping,
1-Nov-99,4,,1,182,1,-20,9,POCU,,3.1,,L,Minnow Trapping,
27-Feb-00,7,,1,103,3,-40,,RCAT,,10,8.77,L,Minnow Trapping,
27-Feb-00,7,,1,103,3,-40,,RCAT,,8.6,5.3,L,Minnow Trapping,
27-Feb-00,7,,1,103,3,-40,,RCAT,,8,3.77,L,Minnow Trapping,
27-Feb-00,7,,1,103,3,-40,,RCAT,,8,3.12,L,Minnow Trapping,
27-Feb-00,7,,1,103,3,-40,,RCAT,,8.7,4.1,L,Minnow Trapping,
27-Feb-00,7,,2,104,3,-39,,RCLA,,6,21.83,A,Minnow Trapping,
27-Feb-00,7,,2,104,3,-39,,RCLA,,5.7,13.8,A,Minnow Trapping,
27-Feb-00,7,,1,112,0,-4,,RCLA,,6,2.62,L,Minnow Trapping,
31-Oct-99,3,,2,176,0,-4,,RSPH,,3.2,0.34,L,Minnow Trapping,
31-Oct-99,3,,2,176,0,-4,,RSPH,,2.8,0.34,L,Minnow Trapping,
31-Oct-99,3,,2,176,0,-4,,RSPH,,2.8,0.31,L,Minnow Trapping,
31-Oct-99,3,,2,176,0,-4,,RSPH,,3,0.27,L,Minnow Trapping,
31-Oct-99,3,,2,176,0,-4,,RSPH,,2.5,0.22,L,Minnow Trapping,
31-Oct-99,3,,2,181,1,-15,8,RSPH,,2.8,0.33,L,Minnow Trapping,
31-Oct-99,3,,2,181,1,-15,8,RSPH,,2.6,0.24,L,Minnow Trapping,
31-Oct-99,3,,2,181,1,-15,8,RSPH,,3.5,0.41,L,Minnow Trapping,
31-Oct-99,3,,2,181,1,-15,8,RSPH,,3.5,0.74,L,Minnow Trapping,
31-Oct-99,3,,2,181,1,-15,8,RSPH,,2.5,0.24,L,Minnow Trapping,
31-Oct-99,3,,2,181,1,-15,8,RSPH,,3.8,0.67,L,Minnow Trapping,
31-Oct-99,3,,2,181,1,-15,8,RSPH,,3.6,0.41,L,Minnow Trapping,
31-Oct-99,3,,2,181,1,-15,8,RSPH,,2.9,0.33,L,Minnow Trapping,
1-Nov-99,4,,1,103,3,-40,,RSPH,,4,,L,Minnow Trapping,
1-Nov-99,4,,1,112,0,-4,,RSPH,,6.3,,L,Minnow Trapping,
1-Nov-99,4,,1,112,0,-4,,RSPH,,7,,L,Minnow Trapping,
1-Nov-99,4,,1,112,0,-4,,RSPH,,5.9,,L,Minnow Trapping,
1-Nov-99,4,,1,112,0,-4,,RSPH,,6,,L,Minnow Trapping,
1-Nov-99,4,,1,112,0,-4,,RSPH,,6.4,,L,Minnow Trapping,
1-Nov-99,4,,1,112,0,-4,,RSPH,,6.5,,L,Minnow Trapping,
1-Nov-99,4,,1,112,0,-4,,RSPH,,6.7,,L,Minnow Trapping,
1-Nov-99,4,,1,182,1,-20,9,RSPH,,7.2,,L,Minnow Trapping,
1-Nov-99,4,,1,182,1,-20,9,RSPH,,2.5,,L,Minnow Trapping,
1-Nov-99,4,,1,182,1,-20,9,RSPH,,3.5,,L,Minnow Trapping,
1-Nov-99,4,,1,182,1,-20,9,RSPH,,2.8,,L,Minnow Trapping,
1-Nov-99,4,,1,182,1,-20,9,RSPH,,4.6,,L,Minnow Trapping,
1-Nov-99,4,,1,182,1,-20,9,RSPH,,6.1,,L,Minnow Trapping,
1-Nov-99,4,,1,182,1,-20,9,RSPH,,5.9,,L,Minnow Trapping,
1-Nov-99,4,,1,182,1,-20,9,RSPH,,5.1,,L,Minnow Trapping,
1-Nov-99,4,,1,182,1,-20,9,RSPH,,4.5,,L,Minnow Trapping,
1-Nov-99,4,,1,182,1,-20,9,RSPH,,3.7,,L,Minnow Trapping,
1-Nov-99,4,,1,182,1,-20,9,RSPH,,3.2,,L,Minnow Trapping,
1-Nov-99,4,,1,182,1,-20,9,RSPH,,2.9,,L,Minnow Trapping,
1-Nov-99,4,,1,182,1,-20,9,RSPH,,3.3,,L,Minnow Trapping,
1-Nov-99,4,,1,182,1,-20,9,RSPH,,2.9,,L,Minnow Trapping,
1-Nov-99,4,,1,182,1,-20,9,RSPH,,5.1,,L,Minnow Trapping,
1-Nov-99,4,,1,182,1,-20,9,RSPH,,2.6,,L,Minnow Trapping,
1-Nov-99,4,,1,182,1,-20,9,RSPH,,3.6,,L,Minnow Trapping,
1-Nov-99,4,,1,182,1,-20,9,RSPH,,2.4,,L,Minnow Trapping,
1-Nov-99,4,,1,182,1,-20,9,RSPH,,3.4,,L,Minnow Trapping,
1-Nov-99,4,,1,182,1,-20,9,RSPH,,4.8,,L,Minnow Trapping,
1-Nov-99,4,,1,182,1,-20,9,RSPH,,5.5,,L,Minnow Trapping,
1-Nov-99,4,,1,182,1,-20,9,RSPH,,5.5,,L,Minnow Trapping,
1-Nov-99,4,,1,182,1,-20,9,RSPH,,5.4,,L,Minnow Trapping,
1-Nov-99,4,,1,182,1,-20,9,RSPH,,5.4,,L,Minnow Trapping,
1-Nov-99,4,,1,182,1,-20,9,RSPH,,,,L,Minnow Trapping,
1-Nov-99,4,,1,182,1,-20,9,RSPH,,,,L,Minnow Trapping,
1-Nov-99,4,,1,182,1,-20,9,RSPH,,,,L,Minnow Trapping,
1-Nov-99,4,,1,182,1,-20,9,RSPH,,,,L,Minnow Trapping,
1-Nov-99,4,,1,182,1,-20,9,RSPH,,,,L,Minnow Trapping,
1-Nov-99,4,,1,182,1,-20,9,RSPH,,,,L,Minnow Trapping,
1-Nov-99,4,,1,182,1,-20,9,RSPH,,,,L,Minnow Trapping,
1-Nov-99,4,,1,182,1,-20,9,RSPH,,,,L,Minnow Trapping,
1-Nov-99,4,,1,182,1,-20,9,RSPH,,,,L,Minnow Trapping,
1-Nov-99,4,,1,182,1,-20,9,RSPH,,,,L,Minnow Trapping,
1-Nov-99,4,,1,182,1,-20,9,RSPH,,,,L,Minnow Trapping,
1-Nov-99,4,,1,182,1,-20,9,RSPH,,,,L,Minnow Trapping,
1-Nov-99,4,,1,182,1,-20,9,RSPH,,,,L,Minnow Trapping,
1-Nov-99,4,,1,182,1,-20,9,RSPH,,,,L,Minnow Trapping,
1-Nov-99,4,,1,182,1,-20,9,RSPH,,,,L,Minnow Trapping,
1-Nov-99,4,,1,182,1,-20,9,RSPH,,,,L,Minnow Trapping,
1-Nov-99,4,,1,182,1,-20,9,RSPH,,,,L,Minnow Trapping,
1-Nov-99,4,,1,182,1,-20,9,RSPH,,,,L,Minnow Trapping,
1-Nov-99,4,,1,182,1,-20,9,RSPH,,,,L,Minnow Trapping,
1-Nov-99,4,,1,182,1,-20,9,RSPH,,,,L,Minnow Trapping,
1-Nov-99,4,,1,182,1,-20,9,RSPH,,,,L,Minnow Trapping,
1-Nov-99,4,,1,182,1,-20,9,RSPH,,,,L,Minnow Trapping,
1-Nov-99,4,,1,182,1,-20,9,RSPH,,,,L,Minnow Trapping,
1-Nov-99,4,,1,182,1,-20,9,RSPH,,,,L,Minnow Trapping,
1-Nov-99,4,,1,182,1,-20,9,RSPH,,,,L,Minnow Trapping,
1-Nov-99,4,,1,182,1,-20,9,RSPH,,,,L,Minnow Trapping,
1-Nov-99,4,,1,182,1,-20,9,RSPH,,,,L,Minnow Trapping,
1-Nov-99,4,,1,182,1,-20,9,RSPH,,,,L,Minnow Trapping,
1-Nov-99,4,,1,182,1,-20,9,RSPH,,,,L,Minnow Trapping,
1-Nov-99,4,,1,182,1,-20,9,RSPH,,,,L,Minnow Trapping,
1-Nov-99,4,,1,182,1,-20,9,RSPH,,,,L,Minnow Trapping,
1-Nov-99,4,,1,215,8,-144,,RSPH,,2.1,,L,Minnow Trapping,
1-Nov-99,4,,1,215,8,-144,,RSPH,,3.1,,L,Minnow Trapping,
1-Nov-99,4,,1,215,8,-144,,RSPH,,3.6,,L,Minnow Trapping,
1-Nov-99,4,,1,215,8,-144,,RSPH,,3,,L,Minnow Trapping,
1-Nov-99,4,,1,215,8,-144,,RSPH,,3.4,,L,Minnow Trapping,
1-Nov-99,4,,1,215,8,-144,,RSPH,,4.8,,L,Minnow Trapping,
1-Nov-99,4,,1,215,8,-144,,RSPH,,3,,L,Minnow Trapping,
1-Nov-99,4,,1,215,8,-144,,RSPH,,2.6,,L,Minnow Trapping,
1-Nov-99,4,,1,215,8,-144,,RSPH,,2.4,,L,Minnow Trapping,
1-Nov-99,4,,1,215,8,-144,,RSPH,,2.8,,L,Minnow Trapping,
1-Nov-99,4,,1,215,8,-144,,RSPH,,2.7,,L,Minnow Trapping,
1-Nov-99,4,,1,215,8,-144,,RSPH,,2,,L,Minnow Trapping,
1-Nov-99,4,,1,215,8,-144,,RSPH,,1.2,,L,Minnow Trapping,
1-Nov-99,4,,1,215,8,-144,,RSPH,,2.4,,L,Minnow Trapping,
1-Nov-99,4,,1,215,8,-144,,RSPH,,3.6,,L,Minnow Trapping,
1-Nov-99,4,,1,215,8,-144,,RSPH,,3.5,,L,Minnow Trapping,
1-Nov-99,4,,1,215,8,-144,,RSPH,,3.6,,L,Minnow Trapping,
1-Nov-99,4,,1,215,8,-144,,RSPH,,3.9,,L,Minnow Trapping,
1-Nov-99,4,,1,215,8,-144,,RSPH,,3.4,,L,Minnow Trapping,
1-Nov-99,4,,1,215,8,-144,,RSPH,,3.9,,L,Minnow Trapping,
1-Nov-99,4,,1,215,8,-144,,RSPH,,2.7,,L,Minnow Trapping,
1-Nov-99,4,,1,215,8,-144,,RSPH,,3.1,,L,Minnow Trapping,
1-Nov-99,4,,1,215,8,-144,,RSPH,,4.2,,L,Minnow Trapping,
1-Nov-99,4,,1,215,8,-144,,RSPH,,4.1,,L,Minnow Trapping,
1-Nov-99,4,,1,215,8,-144,,RSPH,,3.7,,L,Minnow Trapping,
1-Nov-99,4,,1,215,8,-144,,RSPH,,,,L,Minnow Trapping,
1-Nov-99,4,,1,215,8,-144,,RSPH,,,,L,Minnow Trapping,
1-Nov-99,4,,1,215,8,-144,,RSPH,,,,L,Minnow Trapping,
1-Nov-99,4,,1,215,8,-144,,RSPH,,,,L,Minnow Trapping,
1-Nov-99,4,,1,215,8,-144,,RSPH,,,,L,Minnow Trapping,
1-Nov-99,4,,1,215,8,-144,,RSPH,,,,L,Minnow Trapping,
1-Nov-99,4,,1,215,8,-144,,RSPH,,,,L,Minnow Trapping,
1-Nov-99,4,,1,215,8,-144,,RSPH,,,,L,Minnow Trapping,
1-Nov-99,4,,1,215,8,-144,,RSPH,,,,L,Minnow Trapping,
1-Nov-99,4,,1,215,8,-144,,RSPH,,,,L,Minnow Trapping,
1-Nov-99,4,,1,215,8,-144,,RSPH,,,,L,Minnow Trapping,
1-Nov-99,4,,1,215,8,-144,,RSPH,,,,L,Minnow Trapping,
1-Nov-99,4,,1,215,8,-144,,RSPH,,,,L,Minnow Trapping,
1-Nov-99,4,,1,215,8,-144,,RSPH,,,,L,Minnow Trapping,
1-Nov-99,4,,1,215,8,-144,,RSPH,,,,L,Minnow Trapping,
1-Nov-99,4,,1,215,8,-144,,RSPH,,,,L,Minnow Trapping,
1-Nov-99,4,,1,215,8,-144,,RSPH,,,,L,Minnow Trapping,
1-Nov-99,4,,1,215,8,-144,,RSPH,,,,L,Minnow Trapping,
1-Nov-99,4,,1,215,8,-144,,RSPH,,,,L,Minnow Trapping,
1-Nov-99,4,,1,215,8,-144,,RSPH,,,,L,Minnow Trapping,
1-Nov-99,4,,1,215,8,-144,,RSPH,,,,L,Minnow Trapping,
1-Nov-99,4,,1,215,8,-144,,RSPH,,,,L,Minnow Trapping,
1-Nov-99,4,,1,215,8,-144,,RSPH,,,,L,Minnow Trapping,
1-Nov-99,4,,1,215,8,-144,,RSPH,,,,L,Minnow Trapping,
1-Nov-99,4,,1,215,8,-144,,RSPH,,,,L,Minnow Trapping,
1-Nov-99,4,,1,215,8,-144,,RSPH,,,,L,Minnow Trapping,
1-Nov-99,4,,1,215,8,-144,,RSPH,,,,L,Minnow Trapping,
2-Nov-99,4,,3,67,5,-64,,RSPH,,3,,L,Minnow Trapping,
26-Feb-00,7,,3,67,5,-64,,RSPH,,6.1,2.14,L,Minnow Trapping,
26-Feb-00,7,,3,67,5,-64,,RSPH,,6.9,2.53,L,Minnow Trapping,
26-Feb-00,7,,3,67,5,-64,,RSPH,,5.9,0.73,L,Minnow Trapping,
26-Feb-00,7,,3,67,5,-64,,RSPH,,5.8,2.5,L,Minnow Trapping,
26-Feb-00,7,,3,67,5,-64,,RSPH,,7.2,3.84,L,Minnow Trapping,
26-Feb-00,7,,3,180,1,-15,5,RSPH,,5.5,2.23,L,Minnow Trapping,
26-Feb-00,7,,3,213,8,-144,,RSPH,,7.1,2.91,L,Minnow Trapping,
27-Feb-00,7,,1,103,3,-40,,RSPH,,5,1.56,L,Minnow Trapping,
27-Feb-00,7,,1,103,3,-40,,RSPH,,5.9,1.93,L,Minnow Trapping,
27-Feb-00,7,,1,103,3,-40,,RSPH,,6,2.64,L,Minnow Trapping,
27-Feb-00,7,,1,103,3,-40,,RSPH,,4.5,1.03,L,Minnow Trapping,
27-Feb-00,7,,1,103,3,-40,,RSPH,,3.3,1.1,L,Minnow Trapping,
27-Feb-00,7,,1,103,3,-40,,RSPH,,3.8,,L,Minnow Trapping,
27-Feb-00,7,,1,103,3,-40,,RSPH,,5.3,1.61,L,Minnow Trapping,
27-Feb-00,7,,1,182,1,-20,9,RSPH,,5.6,2.47,L,Minnow Trapping,
27-Feb-00,7,,1,182,1,-20,9,RSPH,,6,3.23,L,Minnow Trapping,
27-Feb-00,7,,1,182,1,-20,9,RSPH,,5,1.47,L,Minnow Trapping,
27-Feb-00,7,,1,182,1,-20,9,RSPH,,3,1.07,L,Minnow Trapping,tail damage
27-Feb-00,7,,1,182,1,-20,9,RSPH,,6.4,3.06,L,Minnow Trapping,
27-Feb-00,7,,1,182,1,-20,9,RSPH,,4.9,2.32,L,Minnow Trapping,
27-Feb-00,7,,1,182,1,-20,9,RSPH,,5.5,2.08,L,Minnow Trapping,
27-Feb-00,7,,1,182,1,-20,9,RSPH,,5.5,1.75,L,Minnow Trapping,
27-Feb-00,7,,1,182,1,-20,9,RSPH,,4.2,1.64,L,Minnow Trapping,
27-Feb-00,7,,1,182,1,-20,9,RSPH,,5.5,1.72,L,Minnow Trapping,
27-Feb-00,7,,1,182,1,-20,9,RSPH,,,,L,Minnow Trapping,
27-Feb-00,7,,1,182,1,-20,9,RSPH,,,,L,Minnow Trapping,
27-Feb-00,7,,1,182,1,-20,9,RSPH,,6.7,2.99,L,Minnow Trapping,
27-Feb-00,7,,1,182,1,-20,9,RSPH,,6,2.34,L,Minnow Trapping,
27-Feb-00,7,,1,182,1,-20,9,RSPH,,3.3,1.13,L,Minnow Trapping,
27-Feb-00,7,,1,182,1,-20,9,RSPH,,4.7,1.54,L,Minnow Trapping,
27-Feb-00,7,,2,202,8,-144,,RSPH,,6.7,3.5,L,Minnow Trapping,
27-Feb-00,7,,2,202,8,-144,,RSPH,,6.3,3.16,L,Minnow Trapping,
27-Feb-00,7,,2,202,8,-144,,RSPH,,7.5,4.37,L,Minnow Trapping,
27-Feb-00,7,,2,202,8,-144,,RSPH,,7.6,2.7,L,Minnow Trapping,
27-Feb-00,7,,2,202,8,-144,,RSPH,,7.4,3.76,L,Minnow Trapping,
27-Feb-00,7,,2,202,8,-144,,RSPH,,7.2,3.41,L,Minnow Trapping,
27-Feb-00,7,,2,202,8,-144,,RSPH,,6.7,2.95,L,Minnow Trapping,
27-Feb-00,7,,2,202,8,-144,,RSPH,,7.1,2.74,L,Minnow Trapping,
27-Feb-00,7,,2,202,8,-144,,RSPH,,7.2,3.24,L,Minnow Trapping,
27-Feb-00,7,,2,202,8,-144,,RSPH,,4.6,2.19,L,Minnow Trapping,
27-Feb-00,7,,2,202,8,-144,,RSPH,,7,3.07,L,Minnow Trapping,
27-Feb-00,7,,2,202,8,-144,,RSPH,,5.5,1.73,L,Minnow Trapping,
27-Feb-00,7,,2,202,8,-144,,RSPH,,5.7,2.24,L,Minnow Trapping,
27-Feb-00,7,,2,202,8,-144,,RSPH,,4.4,1.51,L,Minnow Trapping,
27-Feb-00,7,,2,202,8,-144,,RSPH,,7.2,3.2,L,Minnow Trapping,
27-Feb-00,7,,2,202,8,-144,,RSPH,,7.1,2.85,L,Minnow Trapping,
27-Feb-00,7,,2,202,8,-144,,RSPH,,5.5,2.26,L,Minnow Trapping,
27-Feb-00,7,,2,202,8,-144,,RSPH,,6.2,2.68,L,Minnow Trapping,
27-Feb-00,7,,2,202,8,-144,,RSPH,,5.5,2.16,L,Minnow Trapping,
27-Feb-00,7,,2,202,8,-144,,RSPH,,,,,Minnow Trapping,
27-Feb-00,7,,2,202,8,-144,,RSPH,,,,,Minnow Trapping,
27-Feb-00,7,,2,202,8,-144,,RSPH,,,,,Minnow Trapping,
27-Feb-00,7,,1,215,8,-144,,RSPH,,4.2,1.13,L,Minnow Trapping,
27-Feb-00,7,,1,215,8,-144,,RSPH,,4.5,1.32,L,Minnow Trapping,
27-Feb-00,7,,1,215,8,-144,,RSPH,,3.5,0.75,L,Minnow Trapping,
27-Feb-00,7,,1,215,8,-144,,RSPH,,4.6,1.08,L,Minnow Trapping,
27-Feb-00,7,,1,215,8,-144,,RSPH,,4.3,0.95,L,Minnow Trapping,
27-Feb-00,7,,1,215,8,-144,,RSPH,,5.8,2.51,L,Minnow Trapping,
27-Feb-00,7,,1,215,8,-144,,RSPH,,5.7,2.35,L,Minnow Trapping,
27-Feb-00,7,,1,215,8,-144,,RSPH,,5.8,2.54,L,Minnow Trapping,
27-Feb-00,7,,1,215,8,-144,,RSPH,,6.2,2.31,L,Minnow Trapping,
27-Feb-00,7,,1,215,8,-144,,RSPH,,6.8,3.82,L,Minnow Trapping,
27-Feb-00,7,,1,215,8,-144,,RSPH,,5.6,2.35,L,Minnow Trapping,
27-Feb-00,7,,1,215,8,-144,,RSPH,,3.3,0.86,L,Minnow Trapping,
27-Feb-00,7,,1,215,8,-144,,RSPH,,5.3,1.91,L,Minnow Trapping,
27-Feb-00,7,,1,215,8,-144,,RSPH,,4.9,1.07,L,Minnow Trapping,
27-Feb-00,7,,1,215,8,-144,,RSPH,,4.8,1.41,L,Minnow Trapping,
27-Feb-00,7,,1,215,8,-144,,RSPH,,4,1,L,Minnow Trapping,
27-Feb-00,7,,1,215,8,-144,,RSPH,,7.3,3.2,L,Minnow Trapping,
27-Feb-00,7,,1,215,8,-144,,RSPH,,4.6,1.27,L,Minnow Trapping,
27-Feb-00,7,,1,215,8,-144,,RSPH,,4.5,1.55,L,Minnow Trapping,
27-Feb-00,7,,1,215,8,-144,,RSPH,,,,L,Minnow Trapping,
27-Feb-00,7,,1,215,8,-144,,RSPH,,,,L,Minnow Trapping,
27-Feb-00,7,,1,215,8,-144,,RSPH,,,,L,Minnow Trapping,
27-Feb-00,7,,1,215,8,-144,,RSPH,,,,L,Minnow Trapping,
27-Feb-00,7,,1,215,8,-144,,RSPH,,,,L,Minnow Trapping,
27-Feb-00,7,,1,215,8,-144,,RSPH,,,,L,Minnow Trapping,
27-Feb-00,7,,1,215,8,-144,,RSPH,,,,L,Minnow Trapping,
27-Feb-00,7,,1,215,8,-144,,RSPH,,,,L,Minnow Trapping,
27-Feb-00,7,,1,215,8,-144,,RSPH,,,,L,Minnow Trapping,
27-Feb-00,7,,1,215,8,-144,,RSPH,,,,L,Minnow Trapping,
27-Feb-00,7,,1,215,8,-144,,RSPH,,,,L,Minnow Trapping,
27-Feb-00,7,,1,215,8,-144,,RSPH,,,,L,Minnow Trapping,
27-Feb-00,7,,1,215,8,-144,,RSPH,,,,L,Minnow Trapping,
27-Feb-00,7,,1,215,8,-144,,RSPH,,,,L,Minnow Trapping,
27-Feb-00,7,,1,215,8,-144,,RSPH,,,,L,Minnow Trapping,
27-Feb-00,7,,1,215,8,-144,,RSPH,,,,L,Minnow Trapping,
27-Feb-00,7,,1,215,8,-144,,RSPH,,,,L,Minnow Trapping,
27-Feb-00,7,,1,215,8,-144,,RSPH,,,,L,Minnow Trapping,
27-Feb-00,7,,1,215,8,-144,,RSPH,,,,L,Minnow Trapping,
27-Feb-00,7,,1,215,8,-144,,RSPH,,,,L,Minnow Trapping,
27-Feb-00,7,,1,215,8,-144,,RSPH,,,,L,Minnow Trapping,
27-Feb-00,7,,1,215,8,-144,,RSPH,,,,L,Minnow Trapping,
27-Feb-00,7,,1,215,8,-144,,RSPH,,,,L,Minnow Trapping,
27-Feb-00,7,,1,215,8,-144,,RSPH,,,,L,Minnow Trapping,
27-Feb-00,7,,1,215,8,-144,,RSPH,,,,L,Minnow Trapping,
27-Feb-00,7,,1,215,8,-144,,RSPH,,,,L,Minnow Trapping,
27-Feb-00,7,,1,215,8,-144,,RSPH,,,,L,Minnow Trapping,
27-Feb-00,7,,1,215,8,-144,,RSPH,,,,L,Minnow Trapping,
27-Feb-00,7,,1,215,8,-144,,RSPH,,,,L,Minnow Trapping,
27-Feb-00,7,,1,215,8,-144,,RSPH,,,,L,Minnow Trapping,
27-Feb-00,7,,1,215,8,-144,,RSPH,,,,L,Minnow Trapping,
27-Feb-00,7,,1,215,8,-144,,RSPH,,,,L,Minnow Trapping,
27-Feb-00,7,,1,215,8,-144,,RSPH,,,,L,Minnow Trapping,
27-Feb-00,7,,1,215,8,-144,,RSPH,,,,L,Minnow Trapping,
27-Feb-00,7,,1,215,8,-144,,RSPH,,,,L,Minnow Trapping,
27-Feb-00,7,,1,215,8,-144,,RSPH,,,,L,Minnow Trapping,
27-Feb-00,7,,1,215,8,-144,,RSPH,,,,L,Minnow Trapping,
27-Feb-00,7,,1,215,8,-144,,RSPH,,,,L,Minnow Trapping,
27-Feb-00,7,,1,215,8,-144,,RSPH,,,,L,Minnow Trapping,
27-Feb-00,7,,1,215,8,-144,,RSPH,,,,L,Minnow Trapping,
27-Feb-00,7,,1,215,8,-144,,RSPH,,,,L,Minnow Trapping,
27-Feb-00,7,,1,215,8,-144,,RSPH,,,,L,Minnow Trapping,
27-Feb-00,7,,1,215,8,-144,,RSPH,,,,L,Minnow Trapping,
27-Feb-00,7,,1,215,8,-144,,RSPH,,,,L,Minnow Trapping,
27-Feb-00,7,,1,215,8,-144,,RSPH,,,,L,Minnow Trapping,
27-Feb-00,7,,1,215,8,-144,,RSPH,,,,L,Minnow Trapping,
27-Feb-00,7,,1,215,8,-144,,RSPH,,,,L,Minnow Trapping,
27-Feb-00,7,,1,215,8,-144,,RSPH,,,,L,Minnow Trapping,
1-Nov-99,4,,1,103,3,-40,,RVIR,,7.5,,L,Minnow Trapping,
1-Nov-99,4,,1,103,3,-40,,RVIR,,7.5,,L,Minnow Trapping,
1-Nov-99,4,,1,103,3,-40,,RVIR,,8,,L,Minnow Trapping,
1-Nov-99,4,,1,103,3,-40,,RVIR,,8,,L,Minnow Trapping,
1-Nov-99,4,,1,103,3,-40,,RVIR,,7.4,,L,Minnow Trapping,
1-Nov-99,4,,1,103,3,-40,,RVIR,,8,,L,Minnow Trapping,
1-Nov-99,4,,1,103,3,-40,,RVIR,,9.3,,L,Minnow Trapping,
1-Nov-99,4,,1,103,3,-40,,RVIR,,7.6,,L,Minnow Trapping,
1-Nov-99,4,,1,103,3,-40,,RVIR,,9.5,,L,Minnow Trapping,
27-Feb-00,7,,1,103,3,-40,,RVIR,,7.1,4.65,L,Minnow Trapping,
27-Feb-00,7,,1,103,3,-40,,RVIR,,6.8,2.47,L,Minnow Trapping,
31-Oct-99,3,,2,104,3,-39,,SINR,,25,,A,Minnow Trapping,
1-Nov-99,4,,1,103,3,-40,,SINR,,16,,A,Minnow Trapping,
19-Sep-99,2,,1,103,3,-40,,AGRY,,1.3,0.22,,Pitfall Trapping,
18-Aug-99,1,,3,67,5,-64,,AMAB,,5.4,4.79,adult,Pitfall Trapping,
21-Jan-00,6,,2,202,8,-144,,AMAB,F,6.2,6.37,adult,Pitfall Trapping,
30-Jan-00,6,,2,202,8,-144,,AMAB,F,5.3,5,adult,Pitfall Trapping,
18-Mar-00,8,,2,202,8,-144,,AMAB,M,5.8,4.06,adult,Pitfall Trapping,got in pitfall when lid was on.
15-Dec-99,5,,3,213,8,-144,,AMAC,M,8.3,16.71,adult,Pitfall Trapping,
26-Jan-00,6,,3,213,8,-144,,AMAC,F,6.5,10.29,adult,Pitfall Trapping,
26-Jan-00,6,,3,213,8,-144,,AMAC,M,6.2,6.55,adult,Pitfall Trapping,juvenile?
26-Jan-00,6,,3,213,8,-144,,AMAC,F,6.8,11.08,adult,Pitfall Trapping,
26-Jan-00,6,,3,213,8,-144,,AMAC,F,7.3,9.76,adult,Pitfall Trapping,definitely spent her eggs
26-Jan-00,6,,3,213,8,-144,,AMAC,F,8.5,13.53,adult,Pitfall Trapping,
26-Jan-00,6,,3,213,8,-144,,AMAC,F,7.8,12.15,adult,Pitfall Trapping,
26-Jan-00,6,,3,213,8,-144,,AMAC,F,8.2,12.29,adult,Pitfall Trapping,
26-Jan-00,6,,3,213,8,-144,,AMAC,F,7.4,10.23,adult,Pitfall Trapping,
26-Jan-00,6,,3,213,8,-144,,AMAC,F,7.4,11.82,adult,Pitfall Trapping,
26-Jan-00,6,,3,213,8,-144,,AMAC,M,7.3,13.95,adult,Pitfall Trapping,
26-Jan-00,6,,3,213,8,-144,,AMAC,F,8.5,17.17,adult,Pitfall Trapping,
26-Jan-00,6,,3,213,8,-144,,AMAC,F,8,14.47,adult,Pitfall Trapping,
30-Jan-00,6,,3,213,8,-144,,AMAC,F,8.6,13.56,adult,Pitfall Trapping,spent eggs
30-Jan-00,6,,3,213,8,-144,,AMAC,F,7.2,13.53,adult,Pitfall Trapping,has not spent eggs. plump.
30-Jan-00,6,,3,213,8,-144,,AMAC,M,6.3,8.59,adult,Pitfall Trapping,
6-Jan-00,6,,3,213,8,-144,,AMAC,F,6.8,11.12,adult,Pitfall Trapping,
6-Jan-00,6,,3,213,8,-144,,AMAC,M,7.4,11.54,adult,Pitfall Trapping,
6-Jan-00,6,,3,213,8,-144,,AMAC,F,7.5,14.34,adult,Pitfall Trapping,
6-Jan-00,6,,3,213,8,-144,,AMAC,F,9.5,20.36,adult,Pitfall Trapping,
6-Jan-00,6,,3,213,8,-144,,AMAC,F,8.5,15.99,adult,Pitfall Trapping,
6-Jan-00,6,,3,213,8,-144,,AMAC,F,6.9,11.02,adult,Pitfall Trapping,
6-Jan-00,6,,3,213,8,-144,,AMAC,F,8.1,16.37,adult,Pitfall Trapping,
6-Jan-00,6,,3,213,8,-144,,AMAC,M,8.4,14.2,adult,Pitfall Trapping,
6-Jan-00,6,,3,213,8,-144,,AMAC,F,7.4,13.74,adult,Pitfall Trapping,
6-Jan-00,6,,3,213,8,-144,,AMAC,F,7.9,15.9,adult,Pitfall Trapping,
6-Jan-00,6,,3,213,8,-144,,AMAC,F,8,15.93,adult,Pitfall Trapping,
6-Jan-00,6,,3,213,8,-144,,AMAC,F,7.9,18.1,adult,Pitfall Trapping,
6-Jan-00,6,,3,213,8,-144,,AMAC,F,7.5,13.7,adult,Pitfall Trapping,
6-Jan-00,6,,3,213,8,-144,,AMAC,F,7.7,18.31,adult,Pitfall Trapping,
6-Jan-00,6,,3,213,8,-144,,AMAC,F,7.2,14.91,adult,Pitfall Trapping,
6-Jan-00,6,,3,67,5,-64,,AOPA,F,5.5,5.42,adult,Pitfall Trapping,marbled salamander
6-Jan-00,6,,3,213,8,-144,,AOPA,F,4,2.78,juvenile,Pitfall Trapping,small
6-Jan-00,6,,3,213,8,-144,,AOPA,M,5.9,5.87,adult,Pitfall Trapping,ate into and burrowed into sponge.
20-Jun-00,11,,3,213,8,-144,,AOPA,,3.4,,metamorph,Pitfall Trapping,"dead, but fresh.  possibly teh one I raised and released a week ago?"
8-Sep-99,2,,3,175,0,-2,,ATAL,,3.6,1.62,adult,Pitfall Trapping,recent metamporph
22-Nov-99,4,,3,213,8,-144,,ATAL,M,5.8,8.35,adult,Pitfall Trapping,given to JEF.
15-Dec-99,5,,3,67,5,-64,,ATAL,M,6.2,8.03,adult,Pitfall Trapping,
15-Dec-99,5,,3,67,5,-64,,ATAL,M,5.9,7.94,adult,Pitfall Trapping,
15-Dec-99,5,,3,67,5,-64,,ATAL,M,6,9.21,adult,Pitfall Trapping,
15-Dec-99,5,,3,175,0,-2,,ATAL,F,6.2,8.32,adult,Pitfall Trapping,
15-Dec-99,5,,3,175,0,-2,,ATAL,F,5.9,8.1,adult,Pitfall Trapping,
15-Dec-99,5,,3,175,0,-2,,ATAL,F,5.5,5.62,adult,Pitfall Trapping,
15-Dec-99,5,,3,213,8,-144,,ATAL,M,5.5,7.12,adult,Pitfall Trapping,
26-Jan-00,6,,3,67,5,-64,,ATAL,F,5.4,7.52,adult,Pitfall Trapping,
6-Jan-00,6,,3,67,5,-64,,ATAL,F,5.1,4.42,adult,Pitfall Trapping,skinny.  probably spent her eggs
6-Jan-00,6,,3,67,5,-64,,ATAL,F,5.3,9.25,adult,Pitfall Trapping,very fat.  probably not yet spent her eggs
6-Jan-00,6,,3,67,5,-64,,ATAL,M,5,4.29,adult,Pitfall Trapping,
6-Jan-00,6,,3,67,5,-64,,ATAL,M,5.5,8.54,adult,Pitfall Trapping,
6-Jan-00,6,,3,213,8,-144,,ATAL,F,5.2,7.9,adult,Pitfall Trapping,
6-Jan-00,6,,3,213,8,-144,,ATAL,M,5.2,8,adult,Pitfall Trapping,
27-Mar-00,8,,3,175,0,-2,,ATAL,F,5.1,4.13,adult,Pitfall Trapping,got in when lid was on bucket
17-Jul-99,0,,2,176,0,-4,,BQUE,M,3.2,2.65,adult,Pitfall Trapping,
17-Jul-99,0,,2,164,1,-67,7,BTER,F,3.2,,adult,Pitfall Trapping,
17-Jul-99,0,,2,164,1,-67,7,BTER,F,3.7,4.18,adult,Pitfall Trapping,
17-Jul-99,0,,2,164,1,-67,7,BTER,F,4.2,6.97,adult,Pitfall Trapping,
17-Jul-99,0,,2,164,1,-67,7,BTER,F,3.4,3.4,adult,Pitfall Trapping,
24-Jul-99,0,,1,103,3,-40,,BTER,F,3.4,3.75,adult,Pitfall Trapping,
17-Aug-99,1,,3,175,0,-2,,BTER,F,2.8,1.53,,Pitfall Trapping,
17-Aug-99,1,,3,213,8,-144,,BTER,,7,40.88,adult,Pitfall Trapping,
18-Aug-99,1,,3,213,8,-144,,BTER,,2.2,0.96,,Pitfall Trapping,
18-Aug-99,1,,3,213,8,-144,,BTER,,2.2,0.8,,Pitfall Trapping,
23-Aug-99,1,,3,67,5,-64,,BTER,,2.5,1.54,,Pitfall Trapping,
23-Aug-99,1,,3,67,5,-64,,BTER,M,4.8,10.36,adult,Pitfall Trapping,
23-Aug-99,1,,1,103,3,-40,,BTER,,3.2,3.26,,Pitfall Trapping,
23-Aug-99,1,,2,104,3,-39,,BTER,,2.2,0.77,juvenile,Pitfall Trapping,
23-Aug-99,1,,2,104,3,-39,,BTER,,1.9,0.64,juvenile,Pitfall Trapping,
23-Aug-99,1,,2,104,3,-39,,BTER,,1.8,0.61,juvenile,Pitfall Trapping,
23-Aug-99,1,,2,104,3,-39,,BTER,,1.9,0.82,juvenile,Pitfall Trapping,
23-Aug-99,1,,1,112,0,-4,,BTER,,5.9,20.29,,Pitfall Trapping,
23-Aug-99,1,,2,164,1,-67,7,BTER,F,6.5,29.9,,Pitfall Trapping,
23-Aug-99,1,,2,164,1,-67,7,BTER,F,3.4,2.97,,Pitfall Trapping,
23-Aug-99,1,,2,176,0,-4,,BTER,,3.8,6.55,,Pitfall Trapping,
19-Sep-99,2,,1,103,3,-40,,BTER,,3.8,4.23,,Pitfall Trapping,
19-Sep-99,2,,2,104,3,-39,,BTER,,2,0.85,,Pitfall Trapping,
8-Sep-99,2,,3,67,5,-64,,BTER,,2.7,1.52,juvenile,Pitfall Trapping,
8-Sep-99,2,,3,67,5,-64,,BTER,M,5.1,12.69,adult,Pitfall Trapping,
8-Sep-99,2,,3,175,0,-2,,BTER,,4,8.37,,Pitfall Trapping,
8-Sep-99,2,,3,175,0,-2,,BTER,,3.4,3.33,,Pitfall Trapping,
8-Sep-99,2,,3,175,0,-2,,BTER,,4,5.86,,Pitfall Trapping,
9-Oct-99,3,,2,164,1,-67,7,BTER,,2.5,1.25,,Pitfall Trapping,
15-Dec-99,5,,3,180,1,-15,5,BTER,M,5.2,19.25,adult,Pitfall Trapping,
15-Dec-99,5,,2,202,8,-144,,BTER,M,5.4,16.5,adult,Pitfall Trapping,
11-Jan-00,6,,3,213,8,-144,,BTER,M,5.9,20.63,adult,Pitfall Trapping,
6-Jan-00,6,,3,175,0,-2,,BTER,M,5,14.71,adult,Pitfall Trapping,throat patch very dark.
18-Mar-00,8,,2,104,3,-39,,BTER,F,5.2,16.66,adult,Pitfall Trapping,
18-Mar-00,8,,1,112,0,-4,,BTER,M,7.3,48.44,adult,Pitfall Trapping,got in pitfall when lid was on.
18-Mar-00,8,,1,112,0,-4,,BTER,M,6,21.17,adult,Pitfall Trapping,
18-Mar-00,8,,1,112,0,-4,,BTER,M,5.7,20.36,adult,Pitfall Trapping,
18-Mar-00,8,,1,112,0,-4,,BTER,M,5.4,15.77,adult,Pitfall Trapping,
18-Mar-00,8,,1,112,0,-4,,BTER,M,5.6,17.8,adult,Pitfall Trapping,
18-Mar-00,8,,2,164,1,-67,7,BTER,M,5.9,25.79,adult,Pitfall Trapping,
18-Mar-00,8,,2,164,1,-67,7,BTER,F,3.5,4.5,adult,Pitfall Trapping,
18-Mar-00,8,,2,164,1,-67,7,BTER,F,3.6,4.92,adult,Pitfall Trapping,
18-Mar-00,8,,1,215,8,-144,,BTER,M,5.7,19.46,adult,Pitfall Trapping,
29-Mar-00,8,,1,112,0,-4,,BTER,M,7,38.57,adult,Pitfall Trapping,"toe-clipped, front left foot, outer digit (pinky)."
29-Mar-00,8,,1,112,0,-4,,BTER,F,6.8,36.32,adult,Pitfall Trapping,toe-clipped.
31-Mar-00,8,,3,63,3,-41,,BTER,,6,28.64,adult,Pitfall Trapping,toe-clipped.
31-Mar-00,8,,3,175,0,-2,,BTER,M,5.6,17.61,adult,Pitfall Trapping,toe-clipped
31-Mar-00,8,,3,175,0,-2,,BTER,,6.5,36.48,adult,Pitfall Trapping,NOT toe-clipped (I forgot to)
26-Apr-00,9,,1,103,3,-40,,BTER,F,7.4,61.87,adult,Pitfall Trapping,
26-Apr-00,9,,2,104,3,-39,,BTER,M,5.5,,adult,Pitfall Trapping,toe-clipped
26-Apr-00,9,,2,104,3,-39,,BTER,F,2.8,,juvenile,Pitfall Trapping,toe-clipped
26-Apr-00,9,,2,164,1,-67,7,BTER,F,6.6,34.19,adult,Pitfall Trapping,NOT toe-clipped (I forgot to)
26-Apr-00,9,,2,164,1,-67,7,BTER,F,4,7.9,adult,Pitfall Trapping,toe-clipped
26-Apr-00,9,,2,164,1,-67,7,BTER,M,5.2,18.07,adult,Pitfall Trapping,toe-clipped
26-Apr-00,9,,2,164,1,-67,7,BTER,F,4.2,9.03,adult,Pitfall Trapping," toe already missing, but not a recapture bc I hadn't marked animals here"
26-Apr-00,9,,1,182,1,-20,9,BTER,M,5.2,18.23,adult,Pitfall Trapping,toe-clipped
20-Jun-00,11,,1,105,5,-77,,BTER,F,5.2,19.22,adult,Pitfall Trapping,toe-clipped
20-Jun-00,11,,1,105,5,-77,,BTER,F,4.6,10.5,adult,Pitfall Trapping,toe-clipped
20-Jun-00,11,,1,182,1,-20,9,BTER,F,4.3,8.69,adult,Pitfall Trapping,toe clipped
20-Jun-00,11,,1,182,1,-20,9,BTER,F,4.2,8.25,adult,Pitfall Trapping,toe clipped
20-Jun-00,11,,2,164,1,-67,7,BTER,F,5,13.2,adult,Pitfall Trapping,toe clipped
20-Jun-00,11,,3,175,0,-2,,BTER,M,,,adult,Pitfall Trapping,escaped
20-Jun-00,11,,3,175,0,-2,,BTER,M,5.2,12.71,adult,Pitfall Trapping,toe clipped
20-Jun-00,11,,3,175,0,-2,,BTER,M,5,,adult,Pitfall Trapping,in amplexus
20-Jun-00,11,,3,175,0,-2,,BTER,M,6,,adult,Pitfall Trapping,toe clipped.  in amplexus
20-Jun-00,11,,3,175,0,-2,,BTER,M,5.1,,adult,Pitfall Trapping,in amplexus
20-Jun-00,11,,3,175,0,-2,,BTER,F,5.9,,adult,Pitfall Trapping,toe clipped.  in amplexus
20-Jun-00,11,,3,175,0,-2,,BTER,M,5.6,15.69,adult,Pitfall Trapping,toe clipped
20-Jun-00,11,,3,175,0,-2,,BTER,M,5.6,14.71,adult,Pitfall Trapping,toe clipped
20-Jun-00,11,,3,175,0,-2,,BTER,M,6.4,18.85,adult,Pitfall Trapping,toe clipped
20-Jun-00,11,,3,175,0,-2,,BTER,M,5.8,18.79,adult,Pitfall Trapping,toe clipped
20-Jun-00,11,,3,175,0,-2,,BTER,M,4.9,14.68,adult,Pitfall Trapping,toe clipped
20-Jun-00,11,,3,175,0,-2,,BTER,M,5.2,18.42,adult,Pitfall Trapping,toe clipped
20-Jun-00,11,,3,175,0,-2,,BTER,M,5.5,16.51,adult,Pitfall Trapping,toe clipped
20-Jun-00,11,,3,175,0,-2,,BTER,M,6.1,18.09,adult,Pitfall Trapping,toe clipped
20-Jun-00,11,,3,175,0,-2,,BTER,M,5.4,13.96,adult,Pitfall Trapping,toe clipped
20-Jun-00,11,,3,175,0,-2,,BTER,M,5,12.42,adult,Pitfall Trapping,toe clipped
20-Jun-00,11,,3,175,0,-2,,BTER,M,6,,adult,Pitfall Trapping,toe clipped.  in amplexus
20-Jun-00,11,,3,175,0,-2,,BTER,F,7,,adult,Pitfall Trapping,toe clipped.  in amplexus
20-Jun-00,11,,3,175,0,-2,,BTER,M,5.5,15.94,adult,Pitfall Trapping,toe clipped
20-Jun-00,11,,3,175,0,-2,,BTER,M,5.1,14.68,adult,Pitfall Trapping,toe clipped
20-Jun-00,11,,3,175,0,-2,,BTER,M,5.6,19.68,adult,Pitfall Trapping,toe clipped
20-Jun-00,11,,3,175,0,-2,,BTER,M,5.3,14.7,adult,Pitfall Trapping,toe clipped
20-Jun-00,11,,3,175,0,-2,,BTER,M,5.1,12.37,adult,Pitfall Trapping,toe clipped
20-Jun-00,11,,3,175,0,-2,,BTER,M,5.4,15.6,adult,Pitfall Trapping,toe clipped
20-Jun-00,11,,3,175,0,-2,,BTER,M,5.8,21.91,adult,Pitfall Trapping,toe clipped
20-Jun-00,11,,3,175,0,-2,,BTER,M,5.8,14.89,adult,Pitfall Trapping,toe clipped
20-Jun-00,11,,3,175,0,-2,,BTER,M,5.7,18.05,adult,Pitfall Trapping,toe clipped
20-Jun-00,11,,3,175,0,-2,,BTER,M,6.4,,adult,Pitfall Trapping,toe clipped
20-Jun-00,11,,3,175,0,-2,,BTER,F,6,,adult,Pitfall Trapping,toe clipped
20-Jun-00,11,,3,175,0,-2,,BTER,M,5.1,13.62,adult,Pitfall Trapping,toe clipped
20-Jun-00,11,,3,175,0,-2,,BTER,M,5.1,15.46,adult,Pitfall Trapping,toe clipped
20-Jun-00,11,,3,175,0,-2,,BTER,M,5.3,19.32,adult,Pitfall Trapping,toe clipped
20-Jun-00,11,,3,175,0,-2,,BTER,M,5.7,16.99,adult,Pitfall Trapping,toe clipped
20-Jun-00,11,,3,175,0,-2,,BTER,M,,,adult,Pitfall Trapping,toe clipped
20-Jun-00,11,,3,175,0,-2,,BTER,M,,,adult,Pitfall Trapping,toe clipped
20-Jun-00,11,,3,175,0,-2,,BTER,M,,,adult,Pitfall Trapping,toe clipped
20-Jun-00,11,,3,175,0,-2,,BTER,M,,,adult,Pitfall Trapping,toe clipped
20-Jun-00,11,,3,175,0,-2,,BTER,M,,,adult,Pitfall Trapping,toe clipped
20-Jun-00,11,,3,175,0,-2,,BTER,M,,,adult,Pitfall Trapping,toe clipped
20-Jun-00,11,,3,175,0,-2,,BTER,M,,,adult,Pitfall Trapping,toe clipped
20-Jun-00,11,,3,175,0,-2,,BTER,M,,,adult,Pitfall Trapping,toe clipped
20-Jun-00,11,,3,175,0,-2,,BTER,M,,,adult,Pitfall Trapping,toe clipped
20-Jun-00,11,,3,175,0,-2,,BTER,M,,,adult,Pitfall Trapping,in amplexus
20-Jun-00,11,,3,175,0,-2,,BTER,M,,,adult,Pitfall Trapping,toe clipped.  in amplexus
23-Jun-00,11,,1,103,3,,,BTER,M,5.5,21.9,adult,Pitfall Trapping,toe clipped
23-Jun-00,11,,1,103,3,,,BTER,M,4.5,13.91,adult,Pitfall Trapping,toe clipped
23-Jun-00,11,,1,103,3,,,BTER,F,7.8,49.46,adult,Pitfall Trapping,toe clipped
23-Jun-00,11,,1,103,3,,,BTER,M,6.1,32.66,adult,Pitfall Trapping,toe clipped
23-Jun-00,11,,1,103,3,,,BTER,M,6,35.55,adult,Pitfall Trapping,toe clipped
23-Jun-00,11,,1,103,3,,,BTER,M,4.9,16,adult,Pitfall Trapping,toe clipped
23-Jun-00,11,,1,103,3,,,BTER,M,5.5,21.67,adult,Pitfall Trapping,toe clipped
23-Jun-00,11,,1,103,3,,,BTER,F,7.1,48.39,adult,Pitfall Trapping,toe clipped
23-Jun-00,11,,1,103,3,,,BTER,F,6,25.94,adult,Pitfall Trapping,toe clipped
23-Jun-00,11,,1,103,3,,,BTER,F,7.5,43.32,adult,Pitfall Trapping,toe clipped
23-Jun-00,11,,1,182,1,,,BTER,M,5.4,25.49,adult,Pitfall Trapping,toe clipped
23-Jun-00,11,,3,175,0,,,BTER,M,5,16.71,adult,Pitfall Trapping,toe clipped
17-Jul-99,0,,2,104,3,-39,,GCAR,,2.8,2.13,adult,Pitfall Trapping,
17-Jul-99,0,,2,176,0,-4,,GCAR,,2.3,1.24,adult,Pitfall Trapping,
17-Jul-99,0,,2,176,0,-4,,GCAR,,2.5,1.73,adult,Pitfall Trapping,
17-Jul-99,0,,2,181,1,-15,8,GCAR,,3,2.19,adult,Pitfall Trapping,
17-Jul-99,0,,2,181,1,-15,8,GCAR,,2.8,1.74,adult,Pitfall Trapping,
17-Jul-99,0,,2,181,1,-15,8,GCAR,,2.4,1.6,adult,Pitfall Trapping,
17-Jul-99,0,,2,181,1,-15,8,GCAR,,2.6,2.13,adult,Pitfall Trapping,
17-Jul-99,0,,2,181,1,-15,8,GCAR,,2.4,1.73,adult,Pitfall Trapping,
17-Aug-99,1,,3,67,5,-64,,GCAR,,2.7,1.51,adult,Pitfall Trapping,
17-Aug-99,1,,3,67,5,-64,,GCAR,,2.4,1.49,adult,Pitfall Trapping,
17-Aug-99,1,,3,175,0,-2,,GCAR,,3,2.05,adult,Pitfall Trapping,
17-Aug-99,1,,3,175,0,-2,,GCAR,,3.4,3.26,adult,Pitfall Trapping,
17-Aug-99,1,,3,180,1,-15,5,GCAR,,2.7,1.46,,Pitfall Trapping,
17-Aug-99,1,,3,213,8,-144,,GCAR,,3,2.35,adult,Pitfall Trapping,
18-Aug-99,1,,3,63,3,-41,,GCAR,,3,2.65,adult,Pitfall Trapping,
18-Aug-99,1,,3,67,5,-64,,GCAR,,2.6,1.74,adult,Pitfall Trapping,
18-Aug-99,1,,3,180,1,-15,5,GCAR,,2.4,1.17,adult,Pitfall Trapping,
18-Aug-99,1,,3,180,1,-15,5,GCAR,,2.7,1.48,adult,Pitfall Trapping,
23-Aug-99,1,,3,67,5,-64,,GCAR,,2.8,1.87,,Pitfall Trapping,
23-Aug-99,1,,2,104,3,-39,,GCAR,,1.1,0.4,juvenile,Pitfall Trapping,
6-Jan-00,6,,3,67,5,-64,,GCAR,,3,2.27,adult,Pitfall Trapping,
26-Apr-00,9,,1,215,8,-144,,GCAR,,2.5,1.9,adult,Pitfall Trapping,
20-Jun-00,11,,1,112,0,-4,,GCAR,,2.8,1.96,adult,Pitfall Trapping,
20-Jun-00,11,,1,215,8,-144,,GCAR,,2.6,1.28,adult,Pitfall Trapping,
20-Jun-00,11,,1,215,8,-144,,GCAR,,2.7,1.74,adult,Pitfall Trapping,
23-Jun-00,11,,1,112,0,,,GCAR,,2.7,2.26,adult,Pitfall Trapping,
23-Jun-00,11,,3,63,3,,,GCAR,,2.6,1.68,adult,Pitfall Trapping,
23-Jun-00,11,,3,63,3,,,GCAR,,2.7,2.19,adult,Pitfall Trapping,
23-Jun-00,11,,3,67,5,,,GCAR,,2.9,2.7,adult,Pitfall Trapping,
23-Jun-00,11,,3,180,1,,,GCAR,,2.7,1.82,adult,Pitfall Trapping,
15-Dec-99,5,,2,104,3,-39,,PVAR,M,5.6,3.84,adult,Pitfall Trapping,P variolatus (slimey salamander)
6-Jan-00,6,,2,104,3,-39,,PVAR,F,4.7,2.43,adut,Pitfall Trapping,different animal than one previously caught in this trap. diff sex and size
6-Jan-00,6,,3,213,8,-144,,PVAR,F,4.2,1.84,adult,Pitfall Trapping,slimy salamander.  very skinny and small.
29-Mar-00,8,,1,215,8,-144,,PVAR,M,6,4.08,adult,Pitfall Trapping,slimey salamander.  I accidentally broke off end of tail.
5-Mar-00,8,,2,176,0,-4,,PVAR,F,5.7,,adult,Pitfall Trapping,dead and dried up.  Has been dead in trap for many days.
18-Mar-00,8,,1,103,3,-40,,RCAT,,5,14.06,,Pitfall Trapping,
18-Mar-00,8,,1,103,3,-40,,RCAT,,4.9,14.47,,Pitfall Trapping,
18-Mar-00,8,,1,103,3,-40,,RCAT,,2.8,2.39,,Pitfall Trapping,
31-Mar-00,8,,3,180,1,-15,5,RCLA,,7.3,41.41,adult,Pitfall Trapping,
9-Oct-99,3,,2,202,8,-144,,RSPH,,2.6,1.74,juvenile,Pitfall Trapping,metamorph
15-Dec-99,5,,2,104,3,-39,,RSPH,,2.5,2.59,juvenile,Pitfall Trapping,metamorph
28-Dec-99,5,,1,103,3,-40,,RSPH,,3,2,juvenile,Pitfall Trapping,metamorph. got in when lid was on bucket
23-Jun-00,11,,1,103,3,,,RSPH,,2.6,1.92,juvenile,Pitfall Trapping,metamorph
29-Mar-00,8,,1,103,3,-40,,RVIR,,3.1,2.12,juvenile,Pitfall Trapping,
29-Mar-00,8,,1,103,3,-40,,RVIR,,3,2.41,juvenile,Pitfall Trapping,
31-Mar-00,8,,3,175,0,-2,,RVIR,,5.1,14.61,adult,Pitfall Trapping,
20-Jun-00,11,,3,175,0,-2,,RVIR,,5.4,13.18,adult,Pitfall Trapping,
18-Mar-00,8,,2,104,3,-39,,SHOL,,4.5,9.48,adult,Pitfall Trapping,Spadefoot toad.
15-Jul-99,0,,2,202,8,-144,,HCIN,,,,adult,PVC,before I numbered the pipes
8-Sep-99,2,,3,180,1,-15,5,HCIN,,2.7,1.04,,PVC,
17-Jul-99,0,,2,181,1,-15,8,HFEM,,,,adult,PVC,escaped
17-Jul-99,0,,2,181,1,-15,8,HFEM,,2.9,1.62,adult,PVC,
18-Jul-99,0,,3,180,1,-15,5,HFEM,,3.1,,adult,PVC,put back in pipe
18-Jul-99,0,,3,180,1,-15,5,HFEM,,,,adult,PVC,put back in pipe
18-Jul-99,0,,3,180,1,-15,5,HFEM,,,,adult,PVC,not put back into pipe bc it escaped
18-Jul-99,0,,1,182,1,-20,9,HFEM,,3.5,,adult,PVC,
18-Jul-99,0,,1,182,1,-20,9,HFEM,,3,,adult,PVC,
20-Jul-99,0,,3,67,5,-64,,HFEM,,3,,adult,PVC,
23-Jul-99,0,,1,182,1,-20,9,HFEM,,3,1.86,adult,PVC,
17-Aug-99,1,,3,67,5,-64,,HFEM,,3.3,2.75,adult,PVC,
23-Aug-99,1,,3,67,5,-64,,HFEM,,3.5,2.83,adult,PVC,
23-Aug-99,1,,3,67,5,-64,,HFEM,,3.2,2.01,adult,PVC,
23-Aug-99,1,,2,104,3,-39,,HFEM,,3.3,1.97,adult,PVC,
23-Aug-99,1,,2,104,3,-39,,HFEM,,3.4,2.57,adult,PVC,
23-Aug-99,1,,2,176,0,-4,,HFEM,,3.1,2.08,adult,PVC,
23-Aug-99,1,,3,180,1,-15,5,HFEM,,3.2,1.84,adult,PVC,
23-Aug-99,1,,3,180,1,-15,5,HFEM,,2.9,1.59,adult,PVC,
23-Aug-99,1,,3,180,1,-15,5,HFEM,,2.9,1.24,adult,PVC,
23-Aug-99,1,,2,181,1,-15,8,HFEM,,3.5,2.47,adult,PVC,
23-Aug-99,1,,1,182,1,-20,9,HFEM,,3.3,2.18,adult,PVC,
23-Aug-99,1,,1,182,1,-20,9,HFEM,,3.3,2.25,adult,PVC,
23-Aug-99,1,,1,182,1,-20,9,HFEM,,3.1,2.26,adult,PVC,
17-Sep-99,2,,2,104,3,-39,,HFEM,,3.4,2.41,adult,PVC,
17-Sep-99,2,,2,104,3,-39,,HFEM,,3.2,2.07,adult,PVC,
17-Sep-99,2,,2,181,1,-15,8,HFEM,,,,,PVC,
17-Sep-99,2,,2,181,1,-15,8,HFEM,,,,,PVC,
23-Sep-99,2,,3,175,0,-2,,HFEM,,3,2.08,adult,PVC,
23-Sep-99,2,,3,180,1,-15,5,HFEM,,3.1,2.25,adult,PVC,
8-Sep-99,2,,3,180,1,-15,5,HFEM,,3.2,2.08,,PVC,
30-Oct-99,3,,2,104,3,-39,,HFEM,,3.2,2.41,adult,PVC,
30-Oct-99,3,,2,181,1,-15,8,HFEM,,3.1,2.16,adult,PVC,
30-Oct-99,3,,2,181,1,-15,8,HFEM,,3.5,2.8,adult,PVC,
9-Oct-99,3,,2,104,3,-39,,HFEM,,3.4,2.82,adult,PVC,
9-Oct-99,3,,2,104,3,-39,,HFEM,,3.2,2.15,adult,PVC,
9-Oct-99,3,,1,112,0,-4,,HFEM,,3.1,2,adult,PVC,sitting on outside of pipe.  time approaching dusk.
9-Oct-99,3,,2,181,1,-15,8,HFEM,,3.4,2.45,adult,PVC,
13-Nov-99,4,,2,104,3,-39,,HFEM,,3.2,2.23,adult,PVC,
13-Nov-99,4,,2,104,3,-39,,HFEM,,3.4,3.1,adult,PVC,
13-Nov-99,4,,1,105,5,-77,,HFEM,,1.4,0.4,juvenile,PVC,metamorph
2-Nov-99,4,,3,213,8,-144,,HFEM,,3.5,,adult,PVC,
15-Dec-99,5,,3,180,1,-15,5,HFEM,,3.1,2.16,adult,PVC,
11-Jan-00,6,,3,180,1,-15,5,HFEM,,3.1,2.23,adult,PVC,
11-Jan-00,6,,3,180,1,-15,5,HFEM,,3.6,3.26,adult,PVC,
11-Jan-00,6,,3,180,1,-15,5,HFEM,,3.2,2.43,adult,PVC,
11-Jan-00,6,,3,180,1,-15,5,HFEM,,2.9,1.75,adult,PVC,accidentally killed during removal from PVC
4-Jan-00,6,,2,176,0,-4,,HFEM,,3,1.8,adult,PVC,
4-Jan-00,6,,3,180,1,-15,5,HFEM,,3.3,2.25,adult,PVC,
4-Jan-00,6,,2,181,1,-15,8,HFEM,,3,1.97,adult,PVC,
18-Mar-00,8,,2,104,3,-39,,HFEM,,3.3,2.32,adult,PVC,
18-Mar-00,8,,1,112,0,-4,,HFEM,,3.2,2.62,adult,PVC,
18-Mar-00,8,,2,181,1,-15,8,HFEM,,3.4,2.46,adult,PVC,
27-Mar-00,8,,1,112,0,-4,,HFEM,,3.2,2.22,adult,PVC,likely re-capture
29-Mar-00,8,,2,104,3,-39,,HFEM,,3,2.54,adult,PVC,likely re-capture
29-Mar-00,8,,2,104,3,-39,,HFEM,,1.9,0.58,metamorph,PVC,
29-Mar-00,8,,2,181,1,-15,8,HFEM,,3.4,2.3,adult,PVC,likely re-capture
5-Mar-00,8,,2,104,3,-39,,HFEM,,3.2,2.25,adult,PVC,
5-Mar-00,8,,2,164,1,-67,7,HFEM,,3.2,2.32,adult,PVC,recently burned pond
5-Mar-00,8,,3,180,1,-15,5,HFEM,,3.1,2.05,adult,PVC,
5-Mar-00,8,,2,181,1,-15,8,HFEM,,3.4,2.28,adult,PVC,
24-Apr-00,9,,2,104,3,-39,,HFEM,,3.1,2.12,adult,PVC,likely re-capture
24-Apr-00,9,,2,104,3,-39,,HFEM,,2.5,1.02,metamorph,PVC,
24-Apr-00,9,,2,104,3,-39,,HFEM,,2.7,1.6,adult,PVC,
24-Apr-00,9,,2,104,3,-39,,HFEM,,2.4,0.83,metamorph,PVC,
24-Apr-00,9,,1,112,0,-4,,HFEM,,3.1,1.94,adult,PVC,likely re-capture
24-Apr-00,9,,2,181,1,-15,8,HFEM,,3.3,,adult,PVC,likely re-capture
20-Jun-00,11,,1,182,1,-20,9,HFEM,,,,adult,PVC,escaped
20-Jun-00,11,,2,104,3,-39,,HFEM,,2.6,1.9,adult,PVC,
20-Jun-00,11,,2,104,3,-39,,HFEM,,,,adult,PVC,escaped
20-Jun-00,11,,2,104,3,-39,,HFEM,,3.1,2.23,adult,PVC,
20-Jun-00,11,,2,164,1,-67,7,HFEM,,3.4,2.77,adult,PVC,
20-Jun-00,11,,2,176,0,-4,,HFEM,,3.4,2.51,adult,PVC,
20-Jun-00,11,,2,181,1,-15,8,HFEM,,3.1,3.42,adult,PVC,
20-Jun-00,11,,3,67,5,-64,,HFEM,,2.8,2.36,adult,PVC,
20-Jun-00,11,,3,180,1,-15,5,HFEM,,3.2,2.82,adult,PVC,
20-Jun-00,11,,3,180,1,-15,5,HFEM,,3.2,3.73,adult,PVC,
15-Jul-99,0,,2,176,0,-4,,HSQU,,,,adult,PVC,before I numbered the pipes
15-Jul-99,0,,2,176,0,-4,,HSQU,,,,adult,PVC,in pipe when opened traps.  gone when inventoried.
23-Aug-99,1,,3,180,1,-15,5,HSQU,,2.4,1.39,adult,PVC,
23-Aug-99,1,,2,202,8,-144,,HSQU,,3.7,3.57,adult,PVC,
30-Oct-99,3,,2,202,8,-144,,HSQU,,3.7,2.98,adult,PVC,
9-Oct-99,3,,2,202,8,-144,,HSQU,,3.6,2.44,adult,PVC,
28-Dec-99,5,,3,180,1,-15,5,HSQU,,3.1,1.77,adult,PVC,
11-Jan-00,6,,3,180,1,-15,5,HSQU,,2.6,1.18,adult,PVC,
4-Jan-00,6,,3,180,1,-15,5,HSQU,,2.7,1.28,,PVC,
4-Jan-00,6,,3,180,1,-15,5,HSQU,,3.1,2,adult,PVC,
18-Mar-00,8,,2,202,8,-144,,HSQU,,3.4,1.96,adult,PVC,
27-Mar-00,8,,3,180,1,-15,5,HSQU,,3.1,1.72,adult,PVC,likely re-capture
29-Mar-00,8,,2,202,8,-144,,HSQU,,3.4,2.16,adult,PVC,
5-Mar-00,8,,3,180,1,-15,5,HSQU,,3,1.66,adult,PVC,likely re-capture
24-Apr-00,9,,2,202,8,-144,,HSQU,,3.6,2.72,adult,PVC,
